{"stats":{"minecraft:killed":{"minecraft:zombie":5},"minecraft:custom":{"minecraft:open_chest":11,"minecraft:time_since_rest":1295,"minecraft:play_time":29912,"minecraft:crouch_one_cm":2943,"minecraft:walk_one_cm":128793,"minecraft:sprint_one_cm":103699,"minecraft:deaths":23,"minecraft:sneak_time":623,"minecraft:mob_kills":11,"minecraft:jump":714,"minecraft:damage_dealt":1808,"minecraft:leave_game":15,"minecraft:time_since_death":1263,"minecraft:total_world_time":29912,"minecraft:talked_to_villager":1,"minecraft:fall_one_cm":10685,"minecraft:fly_one_cm":216249,"minecraft:player_kills":6,"minecraft:damage_taken":5823},"minecraft:mined":{"minecraft:lime_banner":1,"minecraft:lime_wall_banner":6,"minecraft:slime_block":42,"lucky:lucky_block":7,"minecraft:yellow_stained_glass":4},"minecraft:picked_up":{"minecraft:wooden_axe":1,"minecraft:wooden_sword":2,"minecraft:pufferfish":1,"minecraft:lime_banner":6,"minecraft:rotten_flesh":8,"minecraft:slime_block":28,"minecraft:wooden_pickaxe":1,"minecraft:wooden_shovel":1,"minecraft:wooden_hoe":1},"minecraft:used":{"minecraft:wooden_sword":21,"minecraft:lime_banner":4,"minecraft:wooden_axe":1},"minecraft:killed_by":{"minecraft:rabbit":1,"minecraft:zombie":2,"minecraft:warden":1,"minecraft:player":5}},"DataVersion":3578}