{"stats":{"minecraft:killed":{"minecraft:skeleton":1,"minecraft:llama":1,"minecraft:pig":1,"minecraft:bat":2,"minecraft:zombie":5,"minecraft:villager":1},"minecraft:custom":{"minecraft:mob_kills":17,"minecraft:interact_with_crafting_table":1,"minecraft:leave_game":19,"minecraft:time_since_death":5843,"minecraft:climb_one_cm":8453,"minecraft:damage_resisted":212,"minecraft:sprint_one_cm":263483,"minecraft:walk_one_cm":312314,"minecraft:drop":129,"minecraft:talked_to_villager":3,"minecraft:play_time":76777,"minecraft:deaths":61,"minecraft:sneak_time":1102,"minecraft:jump":1673,"minecraft:walk_on_water_one_cm":1478,"minecraft:total_world_time":76777,"minecraft:time_since_rest":5874,"minecraft:damage_absorbed":82,"minecraft:damage_taken":18410,"minecraft:damage_dealt":3174,"minecraft:fly_one_cm":445541,"minecraft:player_kills":18,"minecraft:open_chest":23,"minecraft:crouch_one_cm":5980,"minecraft:aviate_one_cm":395874,"minecraft:fall_one_cm":37179,"minecraft:horse_one_cm":1326},"minecraft:dropped":{"minecraft:iron_sword":4,"minecraft:piston":8,"minecraft:porkchop":7,"minecraft:clock":3,"minecraft:baked_potato":35,"minecraft:diamond":7,"minecraft:golden_horse_armor":1,"minecraft:bookshelf":7,"minecraft:yellow_concrete":2,"minecraft:sandstone_stairs":3,"minecraft:poisonous_potato":23,"minecraft:cobblestone":11,"minecraft:prismarine_shard":22,"minecraft:yellow_terracotta":1,"minecraft:iron_helmet":3,"minecraft:prismarine_crystals":19,"minecraft:book":22,"minecraft:iron_horse_armor":1,"minecraft:cod":2,"minecraft:lime_banner":5,"minecraft:pufferfish":1,"minecraft:diamond_horse_armor":1,"minecraft:dispenser":2,"minecraft:iron_trapdoor":6,"minecraft:stone_button":2,"minecraft:wooden_hoe":2,"minecraft:torch":3,"minecraft:wooden_axe":1,"minecraft:rabbit":1,"minecraft:iron_leggings":3,"minecraft:wooden_sword":3,"minecraft:gold_nugget":3,"minecraft:sugar":4,"minecraft:iron_pickaxe":2,"minecraft:string":8,"minecraft:gold_ingot":6,"minecraft:bone":3,"minecraft:note_block":1,"minecraft:red_concrete":1,"minecraft:oak_trapdoor":2,"minecraft:lime_concrete":1,"minecraft:sticky_piston":4,"minecraft:diamond_hoe":1,"minecraft:orange_concrete":6,"minecraft:rotten_flesh":20,"minecraft:iron_boots":4,"minecraft:iron_hoe":3,"minecraft:slime_block":49,"minecraft:prismarine":2,"minecraft:red_terracotta":7,"minecraft:poppy":3,"minecraft:rabbit_hide":1,"minecraft:sea_lantern":4,"minecraft:potato":22,"minecraft:hay_block":8,"minecraft:heavy_weighted_pressure_plate":1,"minecraft:orange_terracotta":1,"minecraft:dropper":22,"minecraft:iron_chestplate":4,"minecraft:quartz_block":34,"minecraft:quartz_stairs":2,"minecraft:wooden_shovel":1,"minecraft:redstone_torch":8,"minecraft:stone_pressure_plate":2,"minecraft:rabbit_stew":10,"minecraft:beacon":4,"minecraft:bow":2,"minecraft:wooden_pickaxe":1,"minecraft:quartz_slab":18},"minecraft:mined":{"minecraft:yellow_terracotta":1,"minecraft:lime_banner":1,"minecraft:yellow_carpet":3,"minecraft:sandstone_stairs":7,"minecraft:fire":8,"minecraft:lime_wall_banner":7,"lucky:lucky_block":44,"minecraft:quartz_block":6,"minecraft:torch":5,"minecraft:slime_block":100,"minecraft:tnt":2,"minecraft:wither_rose":2,"minecraft:yellow_stained_glass":4},"minecraft:picked_up":{"minecraft:wooden_axe":1,"minecraft:iron_chestplate":4,"minecraft:dolphin_spawn_egg":1,"minecraft:iron_trapdoor":6,"minecraft:prismarine_shard":22,"minecraft:rabbit_stew":10,"minecraft:wooden_pickaxe":1,"minecraft:diamond_horse_armor":1,"minecraft:heavy_weighted_pressure_plate":1,"minecraft:string":8,"minecraft:oak_trapdoor":2,"lucky:lucky_potion":11,"minecraft:orange_concrete":6,"minecraft:wooden_sword":3,"minecraft:iron_leggings":3,"minecraft:quartz_slab":18,"minecraft:sticky_piston":4,"minecraft:pufferfish":1,"minecraft:gold_nugget":1,"lucky:lucky_sword":1,"minecraft:redstone_torch":8,"minecraft:wooden_shovel":1,"minecraft:poppy":3,"minecraft:iron_pickaxe":2,"minecraft:quartz_stairs":2,"minecraft:piston":8,"minecraft:iron_boots":4,"minecraft:diamond_hoe":1,"minecraft:torch":3,"minecraft:note_block":1,"minecraft:porkchop":7,"minecraft:stone_button":2,"minecraft:cookie":8,"minecraft:trident":1,"minecraft:prismarine_crystals":19,"minecraft:iron_horse_armor":1,"minecraft:stone_pressure_plate":2,"minecraft:tnt":6,"minecraft:quartz_block":44,"minecraft:lime_carpet":7,"minecraft:arrow":24,"minecraft:rotten_flesh":20,"minecraft:diamond_boots":1,"minecraft:hay_block":8,"minecraft:sandstone_stairs":3,"minecraft:yellow_terracotta":1,"minecraft:bookshelf":14,"minecraft:gold_ingot":6,"minecraft:cod":2,"minecraft:cobblestone":11,"minecraft:clock":3,"minecraft:beacon":4,"minecraft:end_portal_frame":2,"minecraft:potato":86,"minecraft:wandering_trader_spawn_egg":1,"minecraft:wooden_hoe":2,"lucky:lucky_bow":1,"minecraft:orange_terracotta":1,"minecraft:bone":3,"minecraft:bow":3,"minecraft:rabbit_hide":1,"minecraft:diamond_helmet":1,"minecraft:rabbit":1,"minecraft:prismarine":21,"minecraft:iron_sword":5,"minecraft:book":22,"minecraft:yellow_concrete":2,"minecraft:lime_concrete":1,"minecraft:poisonous_potato":23,"minecraft:dropper":22,"minecraft:red_terracotta":7,"minecraft:sea_lantern":4,"minecraft:iron_hoe":3,"minecraft:lime_banner":10,"minecraft:yellow_carpet":5,"minecraft:dispenser":2,"minecraft:sugar":4,"minecraft:slime_ball":12,"minecraft:diamond":14,"minecraft:slime_block":74,"minecraft:lever":2,"minecraft:iron_helmet":4,"minecraft:golden_horse_armor":2,"minecraft:baked_potato":45,"minecraft:red_concrete":1,"minecraft:diamond_pickaxe":1},"minecraft:used":{"minecraft:trident":2,"minecraft:diamond_hoe":3,"minecraft:wandering_trader_spawn_egg":1,"minecraft:wooden_axe":1,"minecraft:lime_banner":5,"minecraft:slime_block":25,"minecraft:quartz_block":5,"minecraft:dolphin_spawn_egg":1,"minecraft:bow":44,"minecraft:potato":31,"lucky:lucky_potion":11,"minecraft:prismarine":19,"minecraft:baked_potato":10,"minecraft:wooden_pickaxe":10,"lucky:lucky_sword":37,"minecraft:sheep_spawn_egg":1,"minecraft:cookie":3,"minecraft:tnt":6,"minecraft:lever":2,"minecraft:diamond_pickaxe":9,"minecraft:firework_rocket":23,"minecraft:wooden_sword":23,"minecraft:end_portal_frame":2},"minecraft:crafted":{"minecraft:oak_planks":256,"minecraft:diamond_leggings":1},"minecraft:broken":{"minecraft:iron_helmet":1},"minecraft:killed_by":{"minecraft:player":28,"minecraft:creeper":2,"minecraft:slime":2,"minecraft:warden":1,"minecraft:rabbit":1,"minecraft:guardian":2,"minecraft:zombie":4}},"DataVersion":3578}