{"stats":{"minecraft:killed":{"minecraft:spider":2,"minecraft:skeleton":1,"minecraft:chicken":1,"minecraft:llama":1,"minecraft:pig":1,"minecraft:rabbit":2,"minecraft:bat":2,"minecraft:zombie":5,"minecraft:villager":1},"minecraft:custom":{"minecraft:mob_kills":22,"minecraft:interact_with_crafting_table":1,"minecraft:leave_game":20,"minecraft:time_since_death":1607,"minecraft:climb_one_cm":8453,"minecraft:damage_resisted":212,"minecraft:sprint_one_cm":297191,"minecraft:walk_one_cm":350022,"minecraft:drop":138,"minecraft:damage_dealt_absorbed":60,"minecraft:talked_to_villager":3,"minecraft:play_time":88456,"minecraft:deaths":66,"minecraft:sneak_time":1262,"minecraft:jump":1813,"minecraft:walk_on_water_one_cm":1592,"minecraft:total_world_time":88456,"minecraft:time_since_rest":1650,"minecraft:damage_absorbed":82,"minecraft:damage_taken":20317,"minecraft:damage_dealt":3274,"minecraft:fly_one_cm":474703,"minecraft:player_kills":20,"minecraft:open_chest":23,"minecraft:crouch_one_cm":7246,"minecraft:aviate_one_cm":798846,"minecraft:fall_one_cm":51833,"minecraft:horse_one_cm":1326},"minecraft:dropped":{"minecraft:iron_sword":4,"minecraft:piston":8,"minecraft:porkchop":7,"minecraft:clock":3,"minecraft:baked_potato":35,"minecraft:diamond":7,"minecraft:golden_horse_armor":1,"minecraft:bookshelf":7,"minecraft:yellow_concrete":2,"minecraft:sandstone_stairs":3,"minecraft:poisonous_potato":23,"minecraft:cobblestone":11,"minecraft:prismarine_shard":22,"minecraft:yellow_terracotta":1,"minecraft:iron_helmet":3,"minecraft:prismarine_crystals":19,"minecraft:book":22,"minecraft:iron_horse_armor":1,"minecraft:cod":2,"minecraft:lime_banner":5,"minecraft:pufferfish":1,"minecraft:diamond_horse_armor":1,"minecraft:blue_dye":3,"minecraft:dispenser":2,"minecraft:iron_trapdoor":6,"minecraft:stone_button":2,"minecraft:wooden_hoe":2,"minecraft:torch":3,"minecraft:yellow_dye":3,"minecraft:green_dye":6,"minecraft:wooden_axe":1,"minecraft:rabbit":1,"minecraft:lime_carpet":7,"minecraft:iron_leggings":3,"minecraft:wooden_sword":3,"minecraft:gold_nugget":3,"minecraft:red_dye":1,"minecraft:sugar":4,"minecraft:iron_pickaxe":2,"minecraft:string":8,"minecraft:gold_ingot":6,"minecraft:bone":3,"minecraft:note_block":1,"minecraft:red_concrete":1,"minecraft:oak_trapdoor":2,"minecraft:lime_concrete":1,"minecraft:pink_dye":1,"minecraft:sticky_piston":4,"minecraft:diamond_hoe":1,"minecraft:orange_concrete":6,"minecraft:rotten_flesh":20,"minecraft:iron_boots":4,"minecraft:iron_hoe":3,"minecraft:slime_block":49,"minecraft:lime_dye":4,"minecraft:prismarine":2,"minecraft:red_terracotta":7,"minecraft:poppy":3,"minecraft:rabbit_hide":1,"minecraft:sea_lantern":4,"minecraft:potato":22,"minecraft:hay_block":8,"minecraft:heavy_weighted_pressure_plate":1,"minecraft:orange_terracotta":1,"minecraft:dropper":22,"minecraft:iron_chestplate":4,"minecraft:quartz_block":34,"minecraft:quartz_stairs":2,"minecraft:wooden_shovel":1,"minecraft:redstone_torch":8,"minecraft:stone_pressure_plate":2,"minecraft:slime_ball":12,"minecraft:rabbit_stew":10,"minecraft:beacon":4,"minecraft:bow":2,"minecraft:magenta_dye":2,"minecraft:wooden_pickaxe":1,"minecraft:quartz_slab":18},"minecraft:mined":{"minecraft:yellow_terracotta":1,"minecraft:lime_banner":1,"minecraft:yellow_carpet":3,"minecraft:sandstone_stairs":7,"minecraft:fire":8,"minecraft:lime_wall_banner":7,"lucky:lucky_block":47,"minecraft:quartz_block":6,"minecraft:torch":5,"minecraft:slime_block":100,"minecraft:tnt":2,"minecraft:wither_rose":2,"minecraft:yellow_stained_glass":4},"minecraft:picked_up":{"minecraft:wooden_axe":1,"minecraft:coarse_dirt":4,"minecraft:iron_chestplate":4,"minecraft:dolphin_spawn_egg":1,"minecraft:chicken":1,"minecraft:iron_trapdoor":6,"minecraft:prismarine_shard":22,"minecraft:rabbit_stew":10,"minecraft:wooden_pickaxe":1,"minecraft:diamond_horse_armor":1,"minecraft:golden_sword":1,"minecraft:heavy_weighted_pressure_plate":1,"minecraft:iron_axe":1,"minecraft:string":8,"minecraft:oak_trapdoor":2,"lucky:lucky_potion":11,"minecraft:orange_concrete":6,"minecraft:wooden_sword":3,"minecraft:iron_leggings":3,"minecraft:quartz_slab":18,"minecraft:sticky_piston":4,"minecraft:pufferfish":1,"minecraft:oak_sign":1,"minecraft:gold_nugget":1,"lucky:lucky_sword":1,"minecraft:red_dye":1,"minecraft:redstone_torch":8,"minecraft:wooden_shovel":1,"minecraft:poppy":3,"minecraft:iron_pickaxe":2,"minecraft:quartz_stairs":2,"minecraft:piston":8,"minecraft:iron_boots":4,"minecraft:diamond_hoe":1,"minecraft:torch":3,"minecraft:note_block":1,"minecraft:porkchop":8,"minecraft:stone_button":2,"minecraft:cookie":8,"minecraft:trident":1,"minecraft:brown_dye":2,"minecraft:prismarine_crystals":21,"minecraft:iron_horse_armor":1,"minecraft:stone_pressure_plate":2,"minecraft:tnt":6,"minecraft:quartz_block":44,"minecraft:lime_carpet":7,"minecraft:arrow":26,"minecraft:rotten_flesh":22,"minecraft:diamond_boots":1,"minecraft:hay_block":8,"minecraft:sandstone_stairs":3,"minecraft:blue_dye":3,"minecraft:yellow_terracotta":1,"minecraft:bookshelf":14,"minecraft:gold_ingot":6,"minecraft:cod":2,"minecraft:white_wool":1,"minecraft:cobblestone":11,"minecraft:leather_chestplate":1,"minecraft:clock":3,"minecraft:yellow_dye":3,"minecraft:beacon":4,"minecraft:end_portal_frame":2,"minecraft:potato":86,"minecraft:magenta_dye":2,"minecraft:cobblestone_wall":4,"minecraft:wandering_trader_spawn_egg":1,"lucky:lucky_block":3,"minecraft:cobblestone_stairs":1,"minecraft:wooden_hoe":2,"minecraft:dirt":22,"lucky:lucky_bow":1,"minecraft:orange_terracotta":1,"minecraft:bone":5,"minecraft:bow":3,"minecraft:rabbit_hide":1,"minecraft:diamond_helmet":1,"minecraft:rabbit":1,"minecraft:prismarine":21,"minecraft:iron_sword":5,"minecraft:green_dye":6,"minecraft:book":22,"minecraft:yellow_concrete":2,"minecraft:lime_concrete":1,"minecraft:poisonous_potato":23,"minecraft:dropper":22,"minecraft:jungle_planks":1,"minecraft:red_terracotta":7,"minecraft:sea_lantern":4,"minecraft:iron_hoe":3,"minecraft:lime_dye":4,"minecraft:lime_banner":10,"minecraft:yellow_carpet":5,"minecraft:dispenser":2,"minecraft:sugar":4,"minecraft:slime_ball":12,"minecraft:diamond":14,"minecraft:slime_block":74,"minecraft:lever":2,"minecraft:iron_helmet":4,"minecraft:golden_horse_armor":2,"minecraft:baked_potato":45,"minecraft:red_concrete":1,"minecraft:pink_dye":1,"minecraft:diamond_pickaxe":1},"minecraft:used":{"minecraft:trident":2,"minecraft:diamond_hoe":3,"minecraft:wandering_trader_spawn_egg":1,"minecraft:wooden_axe":1,"minecraft:lime_banner":5,"lucky:lucky_block":3,"minecraft:slime_block":25,"minecraft:quartz_block":5,"minecraft:dolphin_spawn_egg":1,"minecraft:bow":52,"minecraft:potato":56,"lucky:lucky_potion":11,"minecraft:prismarine":19,"minecraft:baked_potato":10,"minecraft:wooden_pickaxe":10,"lucky:lucky_sword":42,"minecraft:sheep_spawn_egg":1,"minecraft:cookie":3,"minecraft:tnt":6,"minecraft:lever":2,"minecraft:diamond_pickaxe":9,"minecraft:firework_rocket":56,"minecraft:wooden_sword":23,"minecraft:end_portal_frame":2},"minecraft:crafted":{"minecraft:oak_planks":256,"minecraft:diamond_leggings":1},"minecraft:broken":{"minecraft:iron_helmet":1},"minecraft:killed_by":{"minecraft:player":31,"minecraft:creeper":2,"minecraft:slime":2,"minecraft:warden":1,"minecraft:rabbit":1,"minecraft:skeleton":1,"minecraft:guardian":2,"minecraft:zombie":5}},"DataVersion":3578}