{"stats":{"minecraft:custom":{"minecraft:jump":93,"minecraft:open_chest":3,"minecraft:time_since_rest":1342,"minecraft:damage_dealt":418,"minecraft:damage_taken":1579,"minecraft:crouch_one_cm":407,"minecraft:leave_game":6,"minecraft:play_time":5209,"minecraft:sprint_one_cm":22957,"minecraft:time_since_death":1093,"minecraft:walk_one_cm":31303,"minecraft:deaths":6,"minecraft:sneak_time":64,"minecraft:total_world_time":5209,"minecraft:fall_one_cm":3010,"minecraft:fly_one_cm":66095,"minecraft:player_kills":1},"minecraft:killed_by":{"minecraft:player":1}},"DataVersion":3578}