{"stats":{"minecraft:custom":{"minecraft:jump":408,"minecraft:open_chest":10,"minecraft:time_since_rest":1124,"minecraft:damage_taken":3345,"minecraft:leave_game":11,"minecraft:play_time":18155,"minecraft:crouch_one_cm":1491,"minecraft:time_since_death":1096,"minecraft:walk_one_cm":70777,"minecraft:sprint_one_cm":70706,"minecraft:deaths":13,"minecraft:sneak_time":286,"minecraft:total_world_time":18155,"minecraft:fall_one_cm":7500,"minecraft:fly_one_cm":144083,"minecraft:player_kills":2,"minecraft:damage_dealt":1099},"minecraft:mined":{"minecraft:lime_wall_banner":2,"minecraft:yellow_stained_glass":4},"minecraft:picked_up":{"minecraft:lime_banner":1},"minecraft:used":{"minecraft:lime_banner":1},"minecraft:killed_by":{"minecraft:player":4}},"DataVersion":3578}