{"stats":{"minecraft:killed":{"minecraft:pig":1,"minecraft:zombie":5},"minecraft:custom":{"minecraft:mob_kills":12,"minecraft:leave_game":17,"minecraft:time_since_death":3424,"minecraft:time_since_rest":3449,"minecraft:sprint_one_cm":164896,"minecraft:damage_taken":11710,"minecraft:walk_one_cm":203779,"minecraft:drop":25,"minecraft:damage_dealt":1963,"minecraft:talked_to_villager":1,"minecraft:fly_one_cm":328342,"minecraft:player_kills":13,"minecraft:open_chest":15,"minecraft:crouch_one_cm":4344,"minecraft:play_time":48380,"minecraft:deaths":40,"minecraft:sneak_time":876,"minecraft:jump":1205,"minecraft:walk_on_water_one_cm":87,"minecraft:total_world_time":48380,"minecraft:fall_one_cm":18416,"minecraft:horse_one_cm":1326},"minecraft:mined":{"minecraft:torch":4,"minecraft:lime_banner":1,"minecraft:slime_block":99,"minecraft:sandstone_stairs":7,"minecraft:tnt":1,"minecraft:lime_wall_banner":7,"lucky:lucky_block":25,"minecraft:yellow_stained_glass":4},"minecraft:dropped":{"minecraft:note_block":1,"minecraft:oak_trapdoor":2,"minecraft:baked_potato":1,"minecraft:lime_concrete":1,"minecraft:sticky_piston":4,"minecraft:yellow_concrete":2,"minecraft:sandstone_stairs":3,"minecraft:poisonous_potato":23,"minecraft:orange_concrete":6,"minecraft:rotten_flesh":11,"minecraft:prismarine_crystals":5,"minecraft:cobblestone":9,"minecraft:slime_block":1,"minecraft:red_terracotta":7,"minecraft:lime_banner":1,"minecraft:pufferfish":1,"minecraft:hay_block":8,"minecraft:stone_button":2,"minecraft:orange_terracotta":1,"minecraft:wooden_axe":1,"minecraft:quartz_block":12,"minecraft:quartz_stairs":2,"minecraft:wooden_shovel":1,"minecraft:redstone_torch":8,"minecraft:stone_pressure_plate":2},"minecraft:picked_up":{"minecraft:wooden_axe":1,"minecraft:iron_chestplate":1,"minecraft:iron_trapdoor":3,"minecraft:beacon":2,"minecraft:wooden_pickaxe":1,"minecraft:end_portal_frame":2,"minecraft:potato":86,"minecraft:wooden_hoe":1,"minecraft:oak_trapdoor":2,"minecraft:orange_concrete":6,"minecraft:wooden_sword":2,"minecraft:orange_terracotta":1,"minecraft:quartz_slab":9,"minecraft:sticky_piston":4,"minecraft:pufferfish":1,"minecraft:bow":2,"minecraft:redstone_torch":8,"minecraft:wooden_shovel":1,"minecraft:quartz_stairs":2,"minecraft:piston":4,"minecraft:iron_boots":1,"minecraft:diamond_hoe":1,"minecraft:yellow_concrete":2,"minecraft:torch":1,"minecraft:lime_concrete":1,"minecraft:poisonous_potato":23,"minecraft:note_block":1,"minecraft:dropper":11,"minecraft:porkchop":3,"minecraft:stone_button":2,"minecraft:red_terracotta":7,"minecraft:prismarine_crystals":5,"minecraft:stone_pressure_plate":2,"minecraft:tnt":6,"minecraft:quartz_block":12,"minecraft:arrow":20,"minecraft:lime_banner":8,"minecraft:dispenser":2,"minecraft:rotten_flesh":11,"minecraft:diamond":7,"minecraft:slime_block":74,"minecraft:lever":2,"minecraft:iron_helmet":1,"minecraft:hay_block":8,"minecraft:sandstone_stairs":3,"minecraft:gold_ingot":2,"minecraft:baked_potato":45,"minecraft:cod":1,"minecraft:cobblestone":9},"minecraft:used":{"minecraft:baked_potato":10,"minecraft:diamond_hoe":1,"minecraft:wooden_pickaxe":8,"minecraft:tnt":6,"minecraft:wooden_axe":1,"minecraft:lever":2,"minecraft:lime_banner":5,"minecraft:slime_block":25,"minecraft:wooden_sword":23,"minecraft:bow":31,"minecraft:end_portal_frame":2},"minecraft:killed_by":{"minecraft:warden":1,"minecraft:player":13,"minecraft:rabbit":1,"minecraft:creeper":1,"minecraft:guardian":2,"minecraft:zombie":3}},"DataVersion":3578}