{"stats":{"minecraft:killed":{"minecraft:skeleton":1,"minecraft:llama":1,"minecraft:pig":1,"minecraft:zombie":5,"minecraft:villager":1},"minecraft:custom":{"minecraft:mob_kills":15,"minecraft:leave_game":18,"minecraft:time_since_death":900,"minecraft:climb_one_cm":8453,"minecraft:damage_resisted":212,"minecraft:sprint_one_cm":227260,"minecraft:walk_one_cm":271146,"minecraft:drop":108,"minecraft:talked_to_villager":2,"minecraft:play_time":65139,"minecraft:deaths":55,"minecraft:sneak_time":882,"minecraft:jump":1513,"minecraft:walk_on_water_one_cm":87,"minecraft:total_world_time":65139,"minecraft:time_since_rest":930,"minecraft:damage_taken":16852,"minecraft:damage_absorbed":82,"minecraft:damage_dealt":2873,"minecraft:player_kills":17,"minecraft:fly_one_cm":400192,"minecraft:open_chest":22,"minecraft:crouch_one_cm":4354,"minecraft:aviate_one_cm":103497,"minecraft:fall_one_cm":27974,"minecraft:horse_one_cm":1326},"minecraft:dropped":{"minecraft:iron_sword":4,"minecraft:piston":4,"minecraft:porkchop":7,"minecraft:clock":3,"minecraft:baked_potato":35,"minecraft:diamond":7,"minecraft:bookshelf":7,"minecraft:yellow_concrete":2,"minecraft:sandstone_stairs":3,"minecraft:poisonous_potato":23,"minecraft:prismarine_shard":22,"minecraft:yellow_terracotta":1,"minecraft:iron_helmet":3,"minecraft:cobblestone":11,"minecraft:prismarine_crystals":5,"minecraft:book":11,"minecraft:lime_banner":5,"minecraft:cod":2,"minecraft:pufferfish":1,"minecraft:torch":3,"minecraft:iron_trapdoor":6,"minecraft:stone_button":2,"minecraft:dispenser":2,"minecraft:wooden_hoe":2,"minecraft:wooden_axe":1,"minecraft:iron_leggings":2,"minecraft:gold_nugget":2,"minecraft:wooden_sword":2,"minecraft:sugar":1,"minecraft:iron_pickaxe":1,"minecraft:gold_ingot":6,"minecraft:note_block":1,"minecraft:red_concrete":1,"minecraft:oak_trapdoor":2,"minecraft:lime_concrete":1,"minecraft:sticky_piston":4,"minecraft:diamond_hoe":1,"minecraft:orange_concrete":6,"minecraft:rotten_flesh":15,"minecraft:iron_boots":3,"minecraft:iron_hoe":3,"minecraft:slime_block":49,"minecraft:red_terracotta":7,"minecraft:poppy":1,"minecraft:sea_lantern":4,"minecraft:potato":22,"minecraft:hay_block":8,"minecraft:heavy_weighted_pressure_plate":1,"minecraft:orange_terracotta":1,"minecraft:dropper":22,"minecraft:iron_chestplate":4,"minecraft:quartz_block":34,"minecraft:quartz_stairs":2,"minecraft:wooden_shovel":1,"minecraft:redstone_torch":8,"minecraft:stone_pressure_plate":2,"minecraft:rabbit_stew":10,"minecraft:beacon":4,"minecraft:bow":2,"minecraft:wooden_pickaxe":1,"minecraft:quartz_slab":18},"minecraft:mined":{"minecraft:yellow_terracotta":1,"minecraft:lime_banner":1,"minecraft:sandstone_stairs":7,"minecraft:fire":8,"minecraft:lime_wall_banner":7,"lucky:lucky_block":40,"minecraft:torch":5,"minecraft:slime_block":99,"minecraft:tnt":1,"minecraft:yellow_stained_glass":4},"minecraft:picked_up":{"minecraft:wooden_axe":1,"minecraft:iron_chestplate":4,"minecraft:iron_trapdoor":6,"minecraft:prismarine_shard":22,"minecraft:rabbit_stew":10,"minecraft:wooden_pickaxe":1,"minecraft:diamond_horse_armor":1,"minecraft:heavy_weighted_pressure_plate":1,"minecraft:wooden_sword":2,"minecraft:oak_trapdoor":2,"minecraft:orange_concrete":6,"lucky:lucky_potion":11,"minecraft:iron_leggings":3,"minecraft:sticky_piston":4,"minecraft:quartz_slab":18,"minecraft:pufferfish":1,"minecraft:gold_nugget":1,"lucky:lucky_sword":1,"minecraft:redstone_torch":8,"minecraft:wooden_shovel":1,"minecraft:poppy":2,"minecraft:iron_pickaxe":2,"minecraft:quartz_stairs":2,"minecraft:piston":8,"minecraft:diamond_hoe":1,"minecraft:iron_boots":4,"minecraft:torch":3,"minecraft:porkchop":7,"minecraft:note_block":1,"minecraft:stone_button":2,"minecraft:cookie":8,"minecraft:trident":1,"minecraft:prismarine_crystals":19,"minecraft:iron_horse_armor":1,"minecraft:stone_pressure_plate":2,"minecraft:tnt":6,"minecraft:quartz_block":39,"minecraft:arrow":24,"minecraft:rotten_flesh":16,"minecraft:diamond_boots":1,"minecraft:hay_block":8,"minecraft:sandstone_stairs":3,"minecraft:yellow_terracotta":1,"minecraft:bookshelf":14,"minecraft:gold_ingot":6,"minecraft:cod":2,"minecraft:cobblestone":11,"minecraft:clock":3,"minecraft:beacon":4,"minecraft:end_portal_frame":2,"minecraft:potato":86,"minecraft:wooden_hoe":2,"lucky:lucky_bow":1,"minecraft:orange_terracotta":1,"minecraft:bone":3,"minecraft:bow":3,"minecraft:rabbit_hide":1,"minecraft:rabbit":1,"minecraft:diamond_helmet":1,"minecraft:prismarine":20,"minecraft:iron_sword":5,"minecraft:book":22,"minecraft:yellow_concrete":2,"minecraft:lime_concrete":1,"minecraft:poisonous_potato":23,"minecraft:dropper":22,"minecraft:red_terracotta":7,"minecraft:sea_lantern":4,"minecraft:iron_hoe":3,"minecraft:lime_banner":10,"minecraft:dispenser":2,"minecraft:sugar":4,"minecraft:slime_ball":12,"minecraft:diamond":14,"minecraft:slime_block":74,"minecraft:lever":2,"minecraft:iron_helmet":4,"minecraft:golden_horse_armor":1,"minecraft:baked_potato":45,"minecraft:red_concrete":1},"minecraft:used":{"minecraft:trident":2,"minecraft:diamond_hoe":3,"minecraft:wooden_axe":1,"minecraft:lime_banner":5,"minecraft:slime_block":25,"minecraft:quartz_block":5,"minecraft:bow":33,"minecraft:potato":21,"lucky:lucky_potion":11,"minecraft:baked_potato":10,"minecraft:wooden_pickaxe":10,"lucky:lucky_sword":23,"minecraft:sheep_spawn_egg":1,"minecraft:tnt":6,"minecraft:lever":2,"minecraft:firework_rocket":8,"minecraft:wooden_sword":23,"minecraft:end_portal_frame":2},"minecraft:killed_by":{"minecraft:player":22,"minecraft:creeper":2,"minecraft:slime":2,"minecraft:warden":1,"minecraft:rabbit":1,"minecraft:guardian":2,"minecraft:zombie":4}},"DataVersion":3578}