{"stats":{"minecraft:killed":{"minecraft:zombie":5},"minecraft:custom":{"minecraft:time_since_rest":3361,"minecraft:sprint_one_cm":131511,"minecraft:damage_taken":8347,"minecraft:walk_one_cm":167820,"minecraft:mob_kills":11,"minecraft:drop":3,"minecraft:damage_dealt":1873,"minecraft:talked_to_villager":1,"minecraft:player_kills":6,"minecraft:fly_one_cm":288520,"minecraft:open_chest":13,"minecraft:crouch_one_cm":4293,"minecraft:deaths":29,"minecraft:play_time":39111,"minecraft:sneak_time":866,"minecraft:jump":1008,"minecraft:leave_game":16,"minecraft:time_since_death":3318,"minecraft:total_world_time":39111,"minecraft:fall_one_cm":13948},"minecraft:mined":{"minecraft:tnt":1,"minecraft:lime_banner":1,"minecraft:lime_wall_banner":7,"lucky:lucky_block":13,"minecraft:slime_block":99,"minecraft:yellow_stained_glass":4,"minecraft:sandstone_stairs":7},"minecraft:dropped":{"minecraft:baked_potato":1,"minecraft:wooden_shovel":1,"minecraft:slime_block":1},"minecraft:picked_up":{"minecraft:wooden_axe":1,"minecraft:iron_trapdoor":1,"minecraft:beacon":1,"minecraft:wooden_pickaxe":1,"minecraft:end_portal_frame":2,"minecraft:poisonous_potato":23,"minecraft:potato":86,"minecraft:dropper":8,"minecraft:red_terracotta":7,"minecraft:prismarine_crystals":3,"minecraft:wooden_hoe":1,"minecraft:wooden_sword":2,"minecraft:lime_banner":7,"minecraft:pufferfish":1,"minecraft:rotten_flesh":9,"minecraft:bow":1,"minecraft:slime_block":74,"minecraft:sandstone_stairs":3,"minecraft:gold_ingot":2,"minecraft:wooden_shovel":1,"minecraft:baked_potato":45,"minecraft:cobblestone":9},"minecraft:used":{"minecraft:wooden_axe":1,"minecraft:lime_banner":5,"minecraft:slime_block":20,"minecraft:baked_potato":5,"minecraft:wooden_pickaxe":8,"minecraft:wooden_sword":23},"minecraft:killed_by":{"minecraft:warden":1,"minecraft:player":8,"minecraft:rabbit":1,"minecraft:creeper":1,"minecraft:zombie":2}},"DataVersion":3578}