{"stats":{"minecraft:custom":{"minecraft:jump":364,"minecraft:open_chest":3,"minecraft:time_since_rest":7994,"minecraft:damage_dealt":781,"minecraft:damage_taken":1879,"minecraft:crouch_one_cm":3264,"minecraft:leave_game":7,"minecraft:play_time":19942,"minecraft:sprint_one_cm":25274,"minecraft:time_since_death":7970,"minecraft:walk_one_cm":89958,"minecraft:deaths":7,"minecraft:sneak_time":932,"minecraft:total_world_time":19942,"minecraft:fall_one_cm":5507,"minecraft:fly_one_cm":89084,"minecraft:player_kills":2},"minecraft:killed_by":{"minecraft:player":2}},"DataVersion":3578}