{"stats":{"minecraft:killed":{"minecraft:witch":1,"minecraft:spider":2,"minecraft:slime":18,"minecraft:skeleton":1,"minecraft:guardian":1,"minecraft:pig":8,"minecraft:rabbit":1,"minecraft:zombie":6,"minecraft:cow":1},"minecraft:custom":{"minecraft:mob_kills":42,"minecraft:interact_with_crafting_table":3,"minecraft:eat_cake_slice":10,"minecraft:leave_game":16,"minecraft:time_since_death":1444,"minecraft:climb_one_cm":12778,"minecraft:sprint_one_cm":114873,"minecraft:walk_one_cm":354010,"minecraft:drop":62,"minecraft:talked_to_villager":2,"minecraft:play_time":79483,"minecraft:deaths":44,"minecraft:sneak_time":4767,"minecraft:walk_under_water_one_cm":796,"minecraft:jump":1271,"minecraft:walk_on_water_one_cm":1600,"minecraft:total_world_time":79483,"minecraft:time_since_rest":1472,"minecraft:damage_taken":11765,"minecraft:damage_dealt":5485,"minecraft:fly_one_cm":274764,"minecraft:player_kills":7,"minecraft:open_chest":11,"minecraft:crouch_one_cm":18911,"minecraft:aviate_one_cm":180770,"minecraft:fall_one_cm":25802,"minecraft:horse_one_cm":30790},"minecraft:mined":{"minecraft:quartz_stairs":2,"minecraft:sea_lantern":2,"minecraft:lime_stained_glass":3,"minecraft:green_stained_glass":1,"minecraft:quartz_slab":1,"lucky:lucky_block":35,"minecraft:glass":2,"minecraft:slime_block":66,"minecraft:red_concrete":1,"minecraft:prismarine":11,"minecraft:cactus":1,"minecraft:tnt":2,"minecraft:lime_terracotta":21,"minecraft:cobweb":8},"minecraft:dropped":{"minecraft:stone_hoe":1,"minecraft:bread":1,"minecraft:iron_sword":1,"minecraft:lapis_lazuli":12,"minecraft:tnt":8,"minecraft:poisonous_potato":2,"minecraft:prismarine_shard":2,"minecraft:guardian_spawn_egg":2,"minecraft:feather":2,"minecraft:prismarine_crystals":11,"minecraft:saddle":1,"minecraft:sheep_spawn_egg":1,"minecraft:tropical_fish":1,"minecraft:stick":1,"minecraft:pufferfish":1,"minecraft:iron_trapdoor":3,"minecraft:sponge":1,"minecraft:white_concrete":1,"minecraft:rabbit":1,"minecraft:zombie_head":1,"minecraft:gold_nugget":8,"minecraft:wither_rose":1,"minecraft:glistering_melon_slice":2,"minecraft:sugar":1,"minecraft:cactus":2,"minecraft:string":8,"minecraft:gold_ingot":34,"minecraft:music_disc_blocks":1,"minecraft:lever":1,"minecraft:stone_sword":1,"minecraft:rotten_flesh":3,"minecraft:slime_block":1,"minecraft:green_concrete":6,"minecraft:prismarine":6,"minecraft:light_blue_concrete":10,"minecraft:oak_sign":2,"minecraft:rabbit_foot":4,"minecraft:poppy":1,"minecraft:rabbit_hide":2,"minecraft:iron_chestplate":1,"minecraft:leather_leggings":1,"minecraft:spider_eye":2,"minecraft:slime_ball":3,"minecraft:iron_bars":2},"minecraft:picked_up":{"minecraft:iron_chestplate":1,"minecraft:light_blue_concrete":14,"minecraft:chainmail_boots":1,"minecraft:chicken":1,"minecraft:iron_trapdoor":3,"minecraft:prismarine_shard":2,"minecraft:leather_leggings":1,"minecraft:lead":2,"minecraft:wither_rose":1,"minecraft:diamond_horse_armor":1,"minecraft:heavy_weighted_pressure_plate":1,"minecraft:lapis_block":2,"minecraft:string":8,"minecraft:cat_spawn_egg":1,"minecraft:wooden_sword":1,"minecraft:quartz_slab":23,"minecraft:pufferfish":1,"minecraft:zombie_head":1,"minecraft:oak_sign":2,"minecraft:gold_nugget":7,"minecraft:poppy":1,"minecraft:quartz_stairs":12,"minecraft:stick":3,"minecraft:music_disc_blocks":1,"minecraft:porkchop":19,"minecraft:cake":1,"minecraft:iron_horse_armor":1,"minecraft:prismarine_crystals":11,"minecraft:green_terracotta":3,"minecraft:rabbit_foot":4,"minecraft:tnt":8,"minecraft:arrow":5,"minecraft:quartz_block":4,"minecraft:stone_sword":1,"minecraft:cactus":2,"minecraft:rotten_flesh":4,"minecraft:stone_shovel":1,"minecraft:tropical_fish":1,"minecraft:guardian_spawn_egg":2,"minecraft:glistering_melon_slice":2,"minecraft:saddle":2,"minecraft:gold_ingot":58,"minecraft:iron_bars":2,"minecraft:sponge":1,"minecraft:feather":2,"minecraft:beacon":3,"minecraft:potato":42,"minecraft:gunpowder":2,"minecraft:lapis_lazuli":12,"lucky:lucky_bow":1,"minecraft:bone":4,"minecraft:stone_bricks":2,"minecraft:rabbit_hide":2,"minecraft:stone_pickaxe":1,"minecraft:rabbit":2,"minecraft:prismarine":9,"minecraft:iron_sword":2,"minecraft:stone_hoe":1,"minecraft:sheep_spawn_egg":2,"minecraft:quartz":7,"minecraft:lime_terracotta":21,"minecraft:poisonous_potato":2,"minecraft:dragon_egg":2,"minecraft:spider_eye":2,"minecraft:sugar":1,"minecraft:slime_ball":3,"minecraft:green_concrete":9,"minecraft:diamond":15,"minecraft:slime_block":82,"minecraft:stone_axe":1,"minecraft:lever":1,"minecraft:chainmail_leggings":1,"minecraft:white_concrete":1,"minecraft:emerald":12,"minecraft:baked_potato":6,"minecraft:red_concrete":2,"minecraft:nether_star":1},"minecraft:used":{"minecraft:stone_sword":5,"minecraft:red_concrete":2,"minecraft:iron_sword":153,"minecraft:green_terracotta":3,"minecraft:dragon_egg":2,"minecraft:quartz_slab":23,"minecraft:slime_block":59,"minecraft:quartz_block":4,"minecraft:stone_bricks":2,"minecraft:diamond_chestplate":1,"minecraft:rabbit":1,"minecraft:stone_pickaxe":48,"minecraft:prismarine":3,"minecraft:lime_terracotta":21,"minecraft:light_blue_concrete":4,"minecraft:cake":1,"minecraft:green_concrete":3,"minecraft:firework_rocket":10,"minecraft:heavy_weighted_pressure_plate":1,"minecraft:bread":2,"minecraft:cat_spawn_egg":1,"minecraft:stone_axe":3,"minecraft:porkchop":5},"minecraft:crafted":{"minecraft:oak_planks":64,"minecraft:diamond_helmet":1,"minecraft:diamond_sword":1,"minecraft:stick":63,"minecraft:lapis_lazuli":18,"minecraft:diamond_chestplate":1},"minecraft:killed_by":{"minecraft:player":11,"minecraft:ravager":3,"minecraft:warden":1,"minecraft:rabbit":1,"minecraft:skeleton":1,"minecraft:guardian":2,"minecraft:zombie":4}},"DataVersion":3578}