{"stats":{"minecraft:custom":{"minecraft:jump":164,"minecraft:open_chest":2,"minecraft:time_since_rest":2390,"minecraft:damage_dealt":109,"minecraft:damage_taken":886,"minecraft:crouch_one_cm":1582,"minecraft:leave_game":4,"minecraft:play_time":7750,"minecraft:sprint_one_cm":12045,"minecraft:time_since_death":2366,"minecraft:walk_one_cm":32078,"minecraft:deaths":3,"minecraft:sneak_time":481,"minecraft:total_world_time":7750,"minecraft:fall_one_cm":2788,"minecraft:fly_one_cm":49860}},"DataVersion":3578}