{"stats":{"minecraft:killed":{"minecraft:pig":8,"minecraft:witch":1,"minecraft:spider":2,"minecraft:rabbit":1,"minecraft:slime":18,"minecraft:skeleton":1,"minecraft:guardian":1,"minecraft:zombie":6,"minecraft:cow":1},"minecraft:custom":{"minecraft:mob_kills":42,"minecraft:eat_cake_slice":10,"minecraft:leave_game":14,"minecraft:time_since_death":429,"minecraft:climb_one_cm":12778,"minecraft:time_since_rest":454,"minecraft:sprint_one_cm":95096,"minecraft:damage_taken":9461,"minecraft:walk_one_cm":309146,"minecraft:drop":28,"minecraft:damage_dealt":4895,"minecraft:talked_to_villager":2,"minecraft:player_kills":7,"minecraft:fly_one_cm":226490,"minecraft:open_chest":10,"minecraft:crouch_one_cm":18083,"minecraft:play_time":66629,"minecraft:deaths":35,"minecraft:sneak_time":4368,"minecraft:aviate_one_cm":28559,"minecraft:jump":1076,"minecraft:walk_on_water_one_cm":1135,"minecraft:total_world_time":66629,"minecraft:fall_one_cm":20836,"minecraft:horse_one_cm":30790},"minecraft:mined":{"minecraft:quartz_stairs":2,"minecraft:sea_lantern":2,"minecraft:lime_stained_glass":3,"minecraft:slime_block":61,"minecraft:red_concrete":1,"minecraft:prismarine":11,"minecraft:cactus":1,"minecraft:tnt":2,"minecraft:quartz_slab":1,"minecraft:lime_terracotta":21,"minecraft:cobweb":6,"lucky:lucky_block":30},"minecraft:dropped":{"minecraft:bread":1,"minecraft:lever":1,"minecraft:rotten_flesh":2,"minecraft:prismarine_crystals":11,"minecraft:green_concrete":6,"minecraft:saddle":1,"minecraft:light_blue_concrete":10,"minecraft:oak_sign":1,"minecraft:rabbit_foot":4,"minecraft:pufferfish":1,"minecraft:poppy":1,"minecraft:iron_trapdoor":3,"minecraft:sponge":1,"minecraft:white_concrete":1,"minecraft:slime_ball":2,"minecraft:gold_nugget":1,"minecraft:wither_rose":1,"minecraft:iron_bars":2,"minecraft:sugar":1,"minecraft:gold_ingot":10},"minecraft:picked_up":{"minecraft:sponge":1,"minecraft:iron_chestplate":1,"minecraft:light_blue_concrete":14,"minecraft:iron_trapdoor":3,"minecraft:prismarine_shard":2,"minecraft:beacon":3,"minecraft:wither_rose":1,"minecraft:gunpowder":2,"minecraft:heavy_weighted_pressure_plate":1,"minecraft:lapis_lazuli":12,"lucky:lucky_bow":1,"minecraft:cat_spawn_egg":1,"minecraft:wooden_sword":1,"minecraft:quartz_slab":23,"minecraft:bone":4,"minecraft:zombie_head":1,"minecraft:pufferfish":1,"minecraft:oak_sign":2,"minecraft:stone_bricks":2,"minecraft:gold_nugget":2,"minecraft:rabbit_hide":1,"minecraft:stone_pickaxe":1,"minecraft:poppy":1,"minecraft:rabbit":1,"minecraft:quartz_stairs":12,"minecraft:prismarine":9,"minecraft:iron_sword":1,"minecraft:stone_hoe":1,"minecraft:stick":1,"minecraft:music_disc_blocks":1,"minecraft:lime_terracotta":21,"minecraft:porkchop":19,"minecraft:cake":1,"minecraft:dragon_egg":1,"minecraft:prismarine_crystals":11,"minecraft:spider_eye":2,"minecraft:green_terracotta":3,"minecraft:rabbit_foot":4,"minecraft:cactus":2,"minecraft:sugar":1,"minecraft:tnt":8,"minecraft:quartz_block":4,"minecraft:stone_sword":1,"minecraft:arrow":5,"minecraft:stone_shovel":1,"minecraft:rotten_flesh":3,"minecraft:slime_ball":3,"minecraft:green_concrete":9,"minecraft:diamond":15,"minecraft:stone_axe":1,"minecraft:slime_block":77,"minecraft:lever":1,"minecraft:white_concrete":1,"minecraft:gold_ingot":20,"minecraft:saddle":2,"minecraft:glistering_melon_slice":2,"minecraft:emerald":12,"minecraft:red_concrete":2,"minecraft:iron_bars":2,"minecraft:nether_star":1},"minecraft:used":{"minecraft:stone_sword":5,"minecraft:rabbit":1,"minecraft:red_concrete":2,"minecraft:stone_pickaxe":48,"minecraft:prismarine":3,"minecraft:iron_sword":125,"minecraft:green_terracotta":3,"minecraft:dragon_egg":1,"minecraft:lime_terracotta":21,"minecraft:light_blue_concrete":4,"minecraft:cake":1,"minecraft:green_concrete":3,"minecraft:firework_rocket":2,"minecraft:quartz_slab":23,"minecraft:heavy_weighted_pressure_plate":1,"minecraft:bread":2,"minecraft:slime_block":54,"minecraft:quartz_block":4,"minecraft:cat_spawn_egg":1,"minecraft:stone_bricks":2,"minecraft:stone_axe":3,"minecraft:porkchop":4},"minecraft:killed_by":{"minecraft:warden":1,"minecraft:player":10,"minecraft:rabbit":1,"minecraft:skeleton":1,"minecraft:guardian":2,"minecraft:zombie":4}},"DataVersion":3578}