{"stats":{"minecraft:killed":{"minecraft:zombie":2,"minecraft:rabbit":1,"minecraft:slime":4},"minecraft:custom":{"minecraft:time_since_rest":1896,"minecraft:sprint_one_cm":42924,"minecraft:damage_taken":5075,"minecraft:walk_one_cm":193156,"minecraft:mob_kills":7,"minecraft:drop":2,"minecraft:damage_dealt":2471,"minecraft:fly_one_cm":122356,"minecraft:player_kills":5,"minecraft:open_chest":5,"minecraft:crouch_one_cm":10833,"minecraft:play_time":38097,"minecraft:deaths":20,"minecraft:sneak_time":2694,"minecraft:jump":560,"minecraft:leave_game":13,"minecraft:time_since_death":1871,"minecraft:total_world_time":38097,"minecraft:fall_one_cm":9050,"minecraft:horse_one_cm":1533},"minecraft:mined":{"minecraft:sea_lantern":1,"minecraft:tnt":1,"minecraft:lime_terracotta":19,"lucky:lucky_block":12,"minecraft:slime_block":61,"minecraft:lime_stained_glass":1,"minecraft:prismarine":11},"minecraft:dropped":{"minecraft:bread":1,"minecraft:gold_nugget":1},"minecraft:picked_up":{"minecraft:music_disc_blocks":1,"minecraft:lime_terracotta":19,"minecraft:beacon":1,"minecraft:cake":1,"minecraft:lapis_lazuli":6,"minecraft:rabbit_foot":1,"minecraft:prismarine_crystals":2,"minecraft:quartz_slab":3,"minecraft:pufferfish":1,"minecraft:stone_sword":1,"minecraft:rotten_flesh":2,"minecraft:stone_shovel":1,"minecraft:slime_ball":1,"minecraft:diamond":11,"minecraft:slime_block":73,"minecraft:stone_axe":1,"minecraft:gold_nugget":1,"minecraft:rabbit_hide":1,"minecraft:stone_pickaxe":1,"minecraft:saddle":2,"minecraft:gold_ingot":8,"minecraft:emerald":6,"minecraft:rabbit":1,"minecraft:prismarine":9,"minecraft:stone_hoe":1},"minecraft:used":{"minecraft:stone_pickaxe":35,"minecraft:bread":1,"minecraft:slime_block":43,"minecraft:prismarine":3,"minecraft:iron_sword":33,"minecraft:lime_terracotta":19},"minecraft:killed_by":{"minecraft:warden":1,"minecraft:player":4,"minecraft:rabbit":1,"minecraft:zombie":2}},"DataVersion":3578}