{"stats":{"minecraft:killed":{"minecraft:rabbit":1,"minecraft:slime":4,"minecraft:guardian":1,"minecraft:zombie":2},"minecraft:custom":{"minecraft:mob_kills":8,"minecraft:leave_game":13,"minecraft:time_since_death":3290,"minecraft:time_since_rest":3318,"minecraft:sprint_one_cm":64172,"minecraft:damage_taken":7134,"minecraft:walk_one_cm":245381,"minecraft:drop":8,"minecraft:damage_dealt":2840,"minecraft:player_kills":5,"minecraft:fly_one_cm":166626,"minecraft:open_chest":5,"minecraft:crouch_one_cm":14828,"minecraft:play_time":50097,"minecraft:deaths":27,"minecraft:sneak_time":3611,"minecraft:jump":761,"minecraft:walk_on_water_one_cm":365,"minecraft:total_world_time":50097,"minecraft:fall_one_cm":14412,"minecraft:horse_one_cm":30790},"minecraft:mined":{"minecraft:quartz_stairs":2,"minecraft:sea_lantern":2,"minecraft:lime_stained_glass":3,"minecraft:slime_block":61,"minecraft:prismarine":11,"minecraft:tnt":2,"minecraft:lime_terracotta":21,"lucky:lucky_block":20},"minecraft:dropped":{"minecraft:bread":1,"minecraft:prismarine_crystals":5,"minecraft:green_concrete":3,"minecraft:saddle":1,"minecraft:light_blue_concrete":4,"minecraft:pufferfish":1,"minecraft:gold_nugget":1,"minecraft:wither_rose":1},"minecraft:picked_up":{"minecraft:light_blue_concrete":14,"minecraft:prismarine_shard":2,"minecraft:beacon":1,"minecraft:wither_rose":1,"minecraft:lapis_lazuli":12,"minecraft:wooden_sword":1,"minecraft:quartz_slab":13,"minecraft:pufferfish":1,"minecraft:oak_sign":1,"minecraft:stone_bricks":2,"minecraft:gold_nugget":1,"minecraft:rabbit_hide":1,"minecraft:stone_pickaxe":1,"minecraft:rabbit":1,"minecraft:quartz_stairs":11,"minecraft:prismarine":9,"minecraft:stone_hoe":1,"minecraft:music_disc_blocks":1,"minecraft:lime_terracotta":21,"minecraft:cake":1,"minecraft:dragon_egg":1,"minecraft:prismarine_crystals":8,"minecraft:spider_eye":1,"minecraft:green_terracotta":3,"minecraft:rabbit_foot":2,"minecraft:tnt":8,"minecraft:quartz_block":4,"minecraft:stone_sword":1,"minecraft:arrow":2,"minecraft:stone_shovel":1,"minecraft:rotten_flesh":2,"minecraft:slime_ball":1,"minecraft:green_concrete":6,"minecraft:diamond":15,"minecraft:stone_axe":1,"minecraft:slime_block":76,"minecraft:lever":1,"minecraft:gold_ingot":10,"minecraft:saddle":2,"minecraft:glistering_melon_slice":2,"minecraft:emerald":12,"minecraft:red_concrete":2,"minecraft:iron_bars":1},"minecraft:used":{"minecraft:stone_sword":5,"minecraft:rabbit":1,"minecraft:stone_pickaxe":42,"minecraft:prismarine":3,"minecraft:iron_sword":42,"minecraft:green_terracotta":3,"minecraft:dragon_egg":1,"minecraft:lime_terracotta":21,"minecraft:light_blue_concrete":4,"minecraft:green_concrete":3,"minecraft:quartz_slab":4,"minecraft:bread":2,"minecraft:slime_block":43,"minecraft:stone_bricks":2,"minecraft:stone_axe":3},"minecraft:killed_by":{"minecraft:warden":1,"minecraft:player":7,"minecraft:rabbit":1,"minecraft:guardian":2,"minecraft:zombie":2}},"DataVersion":3578}