{"stats":{"minecraft:killed":{"minecraft:rabbit":1,"minecraft:zombie":2,"minecraft:slime":4},"minecraft:custom":{"minecraft:open_chest":5,"minecraft:time_since_rest":580,"minecraft:crouch_one_cm":6017,"minecraft:play_time":30074,"minecraft:sprint_one_cm":34348,"minecraft:damage_taken":4084,"minecraft:walk_one_cm":149294,"minecraft:deaths":16,"minecraft:sneak_time":1640,"minecraft:mob_kills":7,"minecraft:jump":446,"minecraft:damage_dealt":2028,"minecraft:leave_game":10,"minecraft:time_since_death":551,"minecraft:total_world_time":30074,"minecraft:fly_one_cm":106173,"minecraft:fall_one_cm":7221,"minecraft:player_kills":3},"minecraft:mined":{"minecraft:slime_block":50,"lucky:lucky_block":4},"minecraft:picked_up":{"minecraft:rotten_flesh":2,"minecraft:slime_ball":1,"minecraft:slime_block":50,"minecraft:beacon":1,"minecraft:rabbit_hide":1,"minecraft:saddle":2,"minecraft:rabbit":1,"minecraft:rabbit_foot":1},"minecraft:used":{"minecraft:slime_block":31,"minecraft:iron_sword":27},"minecraft:killed_by":{"minecraft:rabbit":1,"minecraft:zombie":2,"minecraft:warden":1,"minecraft:player":4}},"DataVersion":3578}