{"stats":{"minecraft:killed":{"minecraft:witch":1,"minecraft:spider":2,"minecraft:slime":36,"minecraft:zombie_horse":2,"minecraft:skeleton":1,"minecraft:llama":2,"minecraft:pig":1,"minecraft:zombie":3,"minecraft:villager":2},"minecraft:custom":{"minecraft:mob_kills":53,"minecraft:leave_game":16,"minecraft:time_since_death":1416,"minecraft:climb_one_cm":2156,"minecraft:sprint_one_cm":174999,"minecraft:walk_one_cm":179303,"minecraft:drop":103,"minecraft:talked_to_villager":6,"minecraft:play_time":67969,"minecraft:deaths":36,"minecraft:sneak_time":3981,"minecraft:jump":1492,"minecraft:walk_on_water_one_cm":137,"minecraft:total_world_time":67969,"minecraft:traded_with_villager":2,"minecraft:time_since_rest":1491,"minecraft:damage_absorbed":20,"minecraft:damage_taken":11460,"minecraft:open_enderchest":1,"minecraft:damage_dealt":6445,"minecraft:fly_one_cm":308980,"minecraft:player_kills":16,"minecraft:pig_one_cm":404,"minecraft:open_chest":19,"minecraft:crouch_one_cm":13572,"minecraft:aviate_one_cm":47344,"minecraft:fall_one_cm":31306,"minecraft:horse_one_cm":79056},"minecraft:mined":{"minecraft:quartz_stairs":6,"minecraft:light_blue_carpet":3,"minecraft:sea_lantern":1,"minecraft:white_concrete":1,"minecraft:light_blue_wall_banner":3,"minecraft:fire":25,"minecraft:diamond_block":4,"minecraft:iron_bars":2,"minecraft:green_carpet":1,"lucky:lucky_block":35,"minecraft:stone":15,"minecraft:quartz_block":9,"minecraft:beacon":1,"minecraft:slime_block":148,"minecraft:redstone_torch":2},"minecraft:dropped":{"minecraft:daylight_detector":1,"minecraft:piston":4,"minecraft:drowned_spawn_egg":1,"minecraft:oak_pressure_plate":2,"minecraft:tnt":9,"minecraft:diamond":20,"minecraft:bookshelf":10,"minecraft:yellow_concrete":1,"minecraft:sandstone_stairs":2,"minecraft:poisonous_potato":2,"minecraft:witch_spawn_egg":1,"minecraft:prismarine_shard":27,"minecraft:yellow_terracotta":9,"minecraft:iron_helmet":1,"minecraft:feather":2,"minecraft:prismarine_crystals":34,"minecraft:book":8,"minecraft:leather":1,"minecraft:iron_horse_armor":1,"minecraft:leather_helmet":1,"minecraft:stick":1,"minecraft:light_weighted_pressure_plate":1,"minecraft:diamond_horse_armor":1,"minecraft:redstone_lamp":4,"minecraft:iron_trapdoor":2,"minecraft:dispenser":2,"minecraft:repeater":8,"minecraft:rabbit":1,"minecraft:iron_door":1,"minecraft:gold_nugget":2,"minecraft:iron_axe":1,"minecraft:string":7,"minecraft:tripwire_hook":2,"minecraft:bone":2,"minecraft:redstone":2,"minecraft:oak_door":1,"minecraft:note_block":1,"minecraft:lever":2,"minecraft:oak_trapdoor":2,"minecraft:golden_chestplate":1,"minecraft:music_disc_otherside":1,"minecraft:lime_concrete":4,"minecraft:sticky_piston":4,"minecraft:chicken":1,"minecraft:rotten_flesh":10,"minecraft:comparator":2,"minecraft:prismarine":5,"minecraft:light_blue_concrete":19,"minecraft:salmon":1,"minecraft:rabbit_foot":4,"minecraft:rabbit_hide":1,"minecraft:oak_fence_gate":1,"minecraft:leather_chestplate":1,"minecraft:sea_lantern":5,"minecraft:potato":28,"minecraft:stone":14,"minecraft:oak_button":2,"minecraft:heavy_weighted_pressure_plate":2,"minecraft:dropper":4,"minecraft:quartz_block":25,"minecraft:quartz_stairs":19,"minecraft:hopper":4,"minecraft:leather_boots":1,"minecraft:chest":1,"minecraft:cat_spawn_egg":1,"minecraft:leather_leggings":1,"minecraft:redstone_torch":10,"minecraft:stone_pressure_plate":2,"minecraft:spider_eye":2,"minecraft:slime_ball":20,"minecraft:bow":3,"minecraft:arrow":2,"minecraft:nether_quartz_ore":23,"minecraft:light_blue_terracotta":17,"minecraft:quartz":2,"minecraft:quartz_slab":22},"minecraft:picked_up":{"minecraft:fishing_rod":1,"minecraft:light_blue_concrete":19,"minecraft:chicken":1,"minecraft:ender_chest":2,"minecraft:iron_trapdoor":5,"minecraft:prismarine_shard":27,"minecraft:redstone_lamp":4,"minecraft:leather_leggings":2,"minecraft:diamond_horse_armor":1,"minecraft:heavy_weighted_pressure_plate":3,"minecraft:oak_trapdoor":2,"minecraft:string":8,"lucky:lucky_potion":12,"minecraft:iron_axe":1,"minecraft:cat_spawn_egg":1,"minecraft:iron_leggings":1,"minecraft:sticky_piston":4,"minecraft:quartz_slab":22,"minecraft:iron_shovel":1,"minecraft:pufferfish":3,"minecraft:gold_nugget":2,"minecraft:comparator":2,"minecraft:light_weighted_pressure_plate":1,"minecraft:redstone_torch":13,"minecraft:ender_eye":5,"minecraft:enchanted_golden_apple":2,"minecraft:quartz_stairs":20,"minecraft:chest":1,"minecraft:piston":4,"minecraft:stick":1,"minecraft:stone":14,"minecraft:oak_door":1,"minecraft:torch":3,"minecraft:note_block":1,"minecraft:porkchop":3,"minecraft:stone_button":2,"minecraft:trident":1,"minecraft:redstone":55,"minecraft:golden_chestplate":1,"minecraft:prismarine_crystals":37,"minecraft:drowned_spawn_egg":1,"minecraft:iron_horse_armor":2,"minecraft:rabbit_foot":4,"minecraft:stone_pressure_plate":2,"minecraft:tnt":15,"minecraft:quartz_block":45,"minecraft:arrow":59,"minecraft:rotten_flesh":14,"minecraft:tropical_fish":4,"minecraft:sandstone_stairs":2,"minecraft:yellow_terracotta":22,"minecraft:bookshelf":10,"minecraft:saddle":2,"minecraft:gold_ingot":39,"minecraft:mutton":3,"minecraft:cod":4,"minecraft:leather_chestplate":1,"minecraft:feather":2,"minecraft:repeater":8,"minecraft:iron_door":1,"minecraft:tripwire_hook":2,"minecraft:salmon":1,"minecraft:leather":1,"minecraft:potato":82,"minecraft:golden_boots":1,"lucky:lucky_block":2,"minecraft:lapis_lazuli":17,"minecraft:leather_boots":1,"minecraft:bone":2,"minecraft:witch_spawn_egg":1,"minecraft:light_blue_banner":2,"minecraft:bow":3,"minecraft:rabbit_hide":1,"minecraft:iron_ingot":21,"minecraft:oak_fence_gate":1,"minecraft:rabbit":1,"minecraft:diamond_helmet":1,"minecraft:prismarine":17,"minecraft:iron_sword":1,"minecraft:book":8,"minecraft:nether_quartz_ore":23,"minecraft:sheep_spawn_egg":1,"minecraft:cooked_porkchop":11,"minecraft:daylight_detector":1,"minecraft:yellow_concrete":6,"minecraft:quartz":30,"minecraft:lime_concrete":4,"minecraft:oak_pressure_plate":2,"minecraft:poisonous_potato":31,"minecraft:dropper":4,"minecraft:diamond_block":4,"minecraft:spider_eye":3,"minecraft:sea_lantern":5,"minecraft:leather_helmet":1,"minecraft:iron_hoe":1,"minecraft:lime_banner":1,"minecraft:dispenser":2,"minecraft:slime_ball":20,"minecraft:light_blue_terracotta":17,"minecraft:diamond":51,"minecraft:slime_block":128,"minecraft:lever":2,"minecraft:light_blue_carpet":2,"minecraft:iron_helmet":1,"minecraft:golden_apple":9,"minecraft:golden_horse_armor":1,"minecraft:emerald":35,"minecraft:oak_button":2,"minecraft:baked_potato":40,"minecraft:hopper":4,"minecraft:ender_pearl":10},"minecraft:used":{"minecraft:light_blue_banner":2,"minecraft:ender_chest":2,"minecraft:iron_sword":160,"minecraft:lime_banner":1,"lucky:lucky_block":2,"minecraft:iron_axe":6,"minecraft:slime_block":10,"minecraft:quartz_block":21,"minecraft:bow":81,"minecraft:iron_trapdoor":3,"minecraft:light_blue_carpet":2,"minecraft:prismarine":12,"minecraft:baked_potato":21,"minecraft:ender_pearl":6,"minecraft:golden_apple":3,"minecraft:yellow_terracotta":13,"minecraft:tnt":6,"minecraft:redstone_torch":3,"minecraft:diamond_pickaxe":45,"minecraft:firework_rocket":3,"minecraft:heavy_weighted_pressure_plate":1,"minecraft:fishing_rod":1,"minecraft:porkchop":3,"minecraft:cooked_porkchop":5},"minecraft:crafted":{"minecraft:quartz_block":7,"minecraft:diamond":36,"minecraft:diamond_axe":1,"minecraft:diamond_pickaxe":1},"minecraft:broken":{"minecraft:golden_boots":1},"minecraft:killed_by":{"minecraft:player":17,"minecraft:creeper":1,"minecraft:slime":1,"minecraft:warden":1,"minecraft:zombie":1}},"DataVersion":3578}