{"stats":{"minecraft:custom":{"minecraft:jump":468,"minecraft:open_chest":10,"minecraft:time_since_rest":5722,"minecraft:damage_dealt":1384,"minecraft:damage_taken":2078,"minecraft:leave_game":7,"minecraft:crouch_one_cm":4108,"minecraft:time_since_death":5688,"minecraft:play_time":20115,"minecraft:sprint_one_cm":62895,"minecraft:walk_one_cm":48829,"minecraft:deaths":8,"minecraft:sneak_time":1162,"minecraft:total_world_time":20115,"minecraft:fly_one_cm":126288,"minecraft:fall_one_cm":5519,"minecraft:player_kills":4},"minecraft:mined":{"minecraft:green_carpet":1},"minecraft:picked_up":{"minecraft:lime_banner":1},"minecraft:used":{"minecraft:lime_banner":1},"minecraft:killed_by":{"minecraft:player":3}},"DataVersion":3578}