{"stats":{"minecraft:killed":{"minecraft:witch":1,"minecraft:spider":2,"minecraft:slime":36,"minecraft:zombie_horse":2,"minecraft:skeleton":1,"minecraft:llama":2,"minecraft:silverfish":7,"minecraft:pig":1,"minecraft:zombie":3,"minecraft:villager":3},"minecraft:custom":{"minecraft:mob_kills":61,"minecraft:interact_with_crafting_table":3,"minecraft:leave_game":19,"minecraft:time_since_death":2027,"minecraft:climb_one_cm":2156,"minecraft:sprint_one_cm":199996,"minecraft:walk_one_cm":200279,"minecraft:drop":121,"minecraft:talked_to_villager":10,"minecraft:play_time":78710,"minecraft:deaths":41,"minecraft:sneak_time":5092,"minecraft:jump":1650,"minecraft:walk_on_water_one_cm":300,"minecraft:total_world_time":78710,"minecraft:traded_with_villager":3,"minecraft:time_since_rest":2053,"minecraft:damage_absorbed":20,"minecraft:damage_taken":13647,"minecraft:open_enderchest":1,"minecraft:damage_dealt":7210,"minecraft:fly_one_cm":341379,"minecraft:player_kills":19,"minecraft:pig_one_cm":404,"minecraft:open_chest":20,"minecraft:crouch_one_cm":15906,"minecraft:aviate_one_cm":47344,"minecraft:fall_one_cm":60757,"minecraft:horse_one_cm":79056},"minecraft:mined":{"minecraft:quartz_stairs":6,"minecraft:light_blue_carpet":3,"minecraft:sea_lantern":1,"minecraft:white_concrete":1,"minecraft:light_blue_wall_banner":3,"minecraft:fire":28,"minecraft:diamond_block":5,"minecraft:enchanting_table":1,"minecraft:iron_bars":2,"minecraft:green_carpet":1,"lucky:lucky_block":43,"minecraft:stone":15,"minecraft:quartz_block":9,"minecraft:beacon":1,"minecraft:slime_block":148,"minecraft:prismarine":2,"minecraft:redstone_torch":2},"minecraft:dropped":{"minecraft:daylight_detector":1,"minecraft:piston":4,"minecraft:drowned_spawn_egg":1,"minecraft:oak_pressure_plate":2,"minecraft:tnt":9,"minecraft:diamond":20,"minecraft:bookshelf":10,"minecraft:yellow_concrete":6,"minecraft:sandstone_stairs":2,"minecraft:poisonous_potato":2,"minecraft:witch_spawn_egg":1,"minecraft:prismarine_shard":27,"minecraft:yellow_terracotta":9,"minecraft:iron_helmet":1,"minecraft:feather":2,"minecraft:prismarine_crystals":40,"minecraft:book":8,"minecraft:leather":1,"minecraft:iron_horse_armor":1,"minecraft:elytra":1,"minecraft:leather_helmet":1,"minecraft:stick":1,"minecraft:light_weighted_pressure_plate":1,"minecraft:diamond_horse_armor":1,"minecraft:redstone_lamp":4,"minecraft:iron_trapdoor":2,"minecraft:dispenser":2,"minecraft:torch":3,"minecraft:repeater":8,"minecraft:mutton":6,"minecraft:rabbit":1,"minecraft:iron_door":1,"minecraft:iron_leggings":1,"minecraft:gold_nugget":2,"minecraft:iron_axe":1,"minecraft:string":12,"minecraft:tripwire_hook":2,"minecraft:lapis_block":4,"minecraft:bone":2,"minecraft:redstone":2,"minecraft:oak_door":1,"minecraft:note_block":1,"minecraft:lever":2,"minecraft:oak_trapdoor":2,"minecraft:golden_chestplate":1,"minecraft:music_disc_otherside":1,"minecraft:lime_concrete":4,"minecraft:sticky_piston":4,"minecraft:chicken":1,"minecraft:rotten_flesh":14,"minecraft:comparator":2,"minecraft:prismarine":7,"minecraft:light_blue_concrete":19,"minecraft:salmon":1,"minecraft:rabbit_foot":4,"minecraft:rabbit_hide":3,"minecraft:oak_fence_gate":1,"minecraft:leather_chestplate":1,"minecraft:sea_lantern":5,"minecraft:potato":28,"minecraft:stone":14,"minecraft:oak_button":2,"minecraft:heavy_weighted_pressure_plate":2,"minecraft:dropper":4,"minecraft:quartz_block":29,"minecraft:quartz_stairs":19,"minecraft:hopper":4,"minecraft:leather_boots":1,"minecraft:chest":1,"minecraft:cat_spawn_egg":1,"minecraft:leather_leggings":2,"minecraft:redstone_torch":10,"minecraft:stone_pressure_plate":2,"minecraft:spider_eye":3,"minecraft:slime_ball":20,"minecraft:beacon":1,"minecraft:bow":3,"minecraft:arrow":2,"minecraft:nether_quartz_ore":23,"minecraft:light_blue_terracotta":17,"minecraft:quartz":2,"minecraft:quartz_slab":22},"minecraft:picked_up":{"minecraft:fishing_rod":1,"minecraft:light_blue_concrete":19,"minecraft:golden_pickaxe":1,"minecraft:chicken":1,"minecraft:ender_chest":2,"minecraft:iron_trapdoor":5,"minecraft:prismarine_shard":27,"minecraft:redstone_lamp":4,"minecraft:leather_leggings":2,"minecraft:golden_shovel":1,"minecraft:diamond_horse_armor":1,"minecraft:golden_sword":1,"minecraft:heavy_weighted_pressure_plate":3,"minecraft:oak_trapdoor":2,"minecraft:string":12,"lucky:lucky_potion":24,"minecraft:iron_axe":1,"minecraft:cat_spawn_egg":1,"minecraft:iron_leggings":1,"minecraft:sticky_piston":4,"minecraft:quartz_slab":22,"minecraft:iron_shovel":1,"minecraft:pufferfish":3,"minecraft:gold_nugget":2,"minecraft:comparator":2,"minecraft:light_weighted_pressure_plate":1,"minecraft:redstone_torch":13,"minecraft:ender_eye":5,"minecraft:enchanted_golden_apple":2,"minecraft:quartz_stairs":20,"minecraft:chest":1,"minecraft:piston":4,"minecraft:stick":1,"minecraft:stone":14,"minecraft:oak_door":1,"minecraft:torch":3,"minecraft:note_block":1,"minecraft:porkchop":3,"minecraft:golden_axe":1,"minecraft:stone_button":2,"minecraft:trident":1,"minecraft:redstone":55,"minecraft:golden_chestplate":1,"minecraft:drowned_spawn_egg":1,"minecraft:prismarine_crystals":40,"minecraft:iron_horse_armor":2,"minecraft:rabbit_foot":4,"minecraft:stone_pressure_plate":2,"minecraft:tnt":15,"minecraft:quartz_block":47,"minecraft:arrow":59,"minecraft:rotten_flesh":14,"minecraft:tropical_fish":4,"minecraft:golden_hoe":1,"minecraft:sandstone_stairs":2,"minecraft:yellow_terracotta":22,"minecraft:bookshelf":16,"minecraft:saddle":2,"minecraft:gold_ingot":39,"minecraft:mutton":6,"minecraft:cod":4,"minecraft:enchanting_table":1,"minecraft:leather_chestplate":1,"minecraft:feather":2,"minecraft:repeater":8,"minecraft:iron_door":1,"minecraft:tripwire_hook":2,"minecraft:salmon":1,"minecraft:leather":1,"minecraft:beacon":1,"minecraft:potato":82,"minecraft:golden_boots":1,"lucky:lucky_block":2,"minecraft:lapis_lazuli":17,"minecraft:leather_boots":1,"minecraft:bone":2,"minecraft:witch_spawn_egg":1,"minecraft:light_blue_banner":2,"minecraft:bow":3,"minecraft:rabbit_hide":3,"minecraft:iron_ingot":21,"minecraft:oak_fence_gate":1,"minecraft:diamond_helmet":1,"minecraft:rabbit":1,"minecraft:prismarine":19,"minecraft:iron_sword":1,"minecraft:book":17,"minecraft:nether_quartz_ore":23,"minecraft:sheep_spawn_egg":1,"minecraft:cooked_porkchop":11,"minecraft:daylight_detector":1,"minecraft:yellow_concrete":6,"minecraft:quartz":30,"minecraft:lime_concrete":4,"minecraft:oak_pressure_plate":2,"minecraft:poisonous_potato":31,"minecraft:dropper":4,"minecraft:diamond_block":5,"minecraft:spider_eye":3,"minecraft:sea_lantern":5,"minecraft:leather_helmet":1,"minecraft:iron_hoe":1,"minecraft:lime_banner":1,"minecraft:dispenser":2,"minecraft:diamond":51,"minecraft:slime_ball":20,"minecraft:light_blue_terracotta":17,"minecraft:slime_block":128,"minecraft:lever":2,"minecraft:light_blue_carpet":2,"minecraft:iron_helmet":1,"minecraft:crossbow":1,"minecraft:golden_apple":9,"minecraft:golden_horse_armor":1,"minecraft:emerald":35,"minecraft:oak_button":2,"minecraft:baked_potato":40,"minecraft:hopper":4,"minecraft:ender_pearl":10},"minecraft:used":{"minecraft:light_blue_banner":2,"minecraft:enchanting_table":1,"minecraft:trident":4,"minecraft:ender_chest":2,"minecraft:iron_sword":176,"minecraft:bookshelf":3,"minecraft:lime_banner":1,"minecraft:slime_block":10,"minecraft:iron_axe":6,"lucky:lucky_block":8,"minecraft:quartz_block":25,"minecraft:bow":105,"minecraft:iron_trapdoor":3,"minecraft:light_blue_carpet":2,"minecraft:prismarine":12,"minecraft:baked_potato":21,"minecraft:oak_planks":9,"minecraft:ender_pearl":6,"minecraft:diamond_axe":1,"minecraft:golden_apple":3,"minecraft:yellow_terracotta":13,"minecraft:tnt":6,"minecraft:crafting_table":1,"minecraft:redstone_torch":3,"minecraft:diamond_pickaxe":49,"minecraft:firework_rocket":3,"minecraft:heavy_weighted_pressure_plate":1,"minecraft:fishing_rod":1,"minecraft:porkchop":3,"minecraft:cooked_porkchop":9,"minecraft:golden_pickaxe":1},"minecraft:crafted":{"minecraft:oak_planks":64,"minecraft:quartz_block":7,"minecraft:diamond":36,"minecraft:diamond_leggings":1,"minecraft:iron_boots":1,"minecraft:crafting_table":1,"minecraft:diamond_axe":1,"minecraft:diamond_pickaxe":1,"minecraft:diamond_chestplate":1},"minecraft:broken":{"minecraft:golden_boots":1},"minecraft:killed_by":{"minecraft:player":18,"minecraft:creeper":1,"minecraft:ravager":1,"minecraft:slime":1,"minecraft:warden":1,"minecraft:zombie":1}},"DataVersion":3578}