{"stats":{"minecraft:custom":{"minecraft:time_since_rest":552,"minecraft:sprint_one_cm":88204,"minecraft:damage_taken":3816,"minecraft:walk_one_cm":80025,"minecraft:mob_kills":1,"minecraft:drop":2,"minecraft:damage_dealt":1744,"minecraft:fly_one_cm":170659,"minecraft:player_kills":6,"minecraft:open_chest":11,"minecraft:crouch_one_cm":6942,"minecraft:play_time":30084,"minecraft:deaths":14,"minecraft:sneak_time":1874,"minecraft:jump":725,"minecraft:leave_game":10,"minecraft:time_since_death":525,"minecraft:total_world_time":30084,"minecraft:fall_one_cm":9249},"minecraft:dropped":{"minecraft:rotten_flesh":2},"minecraft:mined":{"minecraft:light_blue_wall_banner":3,"minecraft:light_blue_carpet":3,"minecraft:green_carpet":1,"lucky:lucky_block":4,"minecraft:slime_block":37},"minecraft:picked_up":{"minecraft:cooked_porkchop":4,"minecraft:prismarine_shard":27,"minecraft:porkchop":3,"minecraft:sea_lantern":5,"minecraft:prismarine_crystals":18,"minecraft:lime_banner":1,"minecraft:arrow":25,"minecraft:rotten_flesh":7,"minecraft:light_blue_banner":2,"minecraft:slime_block":35,"minecraft:bow":1,"minecraft:light_blue_carpet":2,"minecraft:ender_eye":5,"minecraft:prismarine":17,"minecraft:ender_pearl":10},"minecraft:used":{"minecraft:light_blue_carpet":2,"minecraft:light_blue_banner":2,"minecraft:lime_banner":1,"minecraft:prismarine":12,"minecraft:bow":1,"minecraft:cooked_porkchop":2,"minecraft:porkchop":3},"minecraft:killed_by":{"minecraft:warden":1,"minecraft:player":5}},"DataVersion":3578}