{"stats":{"minecraft:custom":{"minecraft:jump":91,"minecraft:open_chest":4,"minecraft:time_since_rest":679,"minecraft:damage_dealt":285,"minecraft:damage_taken":1058,"minecraft:crouch_one_cm":1150,"minecraft:leave_game":5,"minecraft:play_time":5070,"minecraft:sprint_one_cm":18857,"minecraft:time_since_death":648,"minecraft:walk_one_cm":18218,"minecraft:deaths":4,"minecraft:sneak_time":263,"minecraft:total_world_time":5070,"minecraft:fall_one_cm":209,"minecraft:fly_one_cm":35636}},"DataVersion":3578}