{"stats":{"minecraft:killed":{"minecraft:llama":1},"minecraft:custom":{"minecraft:mob_kills":3,"minecraft:leave_game":12,"minecraft:time_since_death":2489,"minecraft:time_since_rest":2516,"minecraft:open_enderchest":1,"minecraft:damage_absorbed":20,"minecraft:damage_taken":4931,"minecraft:sprint_one_cm":111173,"minecraft:walk_one_cm":100195,"minecraft:drop":38,"minecraft:damage_dealt":2022,"minecraft:fly_one_cm":200607,"minecraft:player_kills":9,"minecraft:open_chest":11,"minecraft:crouch_one_cm":9802,"minecraft:play_time":38979,"minecraft:deaths":17,"minecraft:sneak_time":2621,"minecraft:jump":889,"minecraft:total_world_time":38979,"minecraft:fall_one_cm":12875},"minecraft:mined":{"minecraft:light_blue_carpet":3,"minecraft:slime_block":43,"minecraft:light_blue_wall_banner":3,"minecraft:green_carpet":1,"lucky:lucky_block":16},"minecraft:dropped":{"minecraft:oak_door":1,"minecraft:note_block":1,"minecraft:daylight_detector":1,"minecraft:piston":4,"minecraft:lever":2,"minecraft:oak_trapdoor":2,"minecraft:oak_pressure_plate":2,"minecraft:bookshelf":10,"minecraft:sticky_piston":4,"minecraft:sandstone_stairs":2,"minecraft:prismarine_shard":27,"minecraft:prismarine_crystals":18,"minecraft:rotten_flesh":7,"minecraft:book":8,"minecraft:comparator":2,"minecraft:prismarine":5,"minecraft:salmon":1,"minecraft:light_weighted_pressure_plate":1,"minecraft:oak_fence_gate":1,"minecraft:redstone_lamp":4,"minecraft:sea_lantern":5,"minecraft:oak_button":2,"minecraft:iron_trapdoor":2,"minecraft:heavy_weighted_pressure_plate":1,"minecraft:dispenser":2,"minecraft:dropper":4,"minecraft:repeater":8,"minecraft:quartz_block":25,"minecraft:quartz_stairs":6,"minecraft:hopper":4,"minecraft:iron_door":1,"minecraft:stone_pressure_plate":2,"minecraft:nether_quartz_ore":23,"minecraft:quartz":2,"minecraft:tripwire_hook":2,"minecraft:quartz_slab":4},"minecraft:picked_up":{"minecraft:fishing_rod":1,"minecraft:ender_chest":2,"minecraft:prismarine_shard":27,"minecraft:repeater":8,"minecraft:iron_trapdoor":3,"minecraft:iron_door":1,"minecraft:tripwire_hook":2,"minecraft:salmon":1,"minecraft:redstone_lamp":4,"minecraft:leather":1,"minecraft:potato":54,"minecraft:golden_boots":1,"minecraft:heavy_weighted_pressure_plate":2,"minecraft:lapis_lazuli":17,"minecraft:oak_trapdoor":2,"minecraft:iron_axe":1,"minecraft:iron_leggings":1,"minecraft:quartz_slab":4,"minecraft:sticky_piston":4,"minecraft:pufferfish":3,"minecraft:light_blue_banner":2,"minecraft:bow":2,"minecraft:comparator":2,"minecraft:light_weighted_pressure_plate":1,"minecraft:oak_fence_gate":1,"minecraft:redstone_torch":9,"minecraft:ender_eye":5,"minecraft:enchanted_golden_apple":1,"minecraft:quartz_stairs":10,"minecraft:prismarine":17,"minecraft:iron_sword":1,"minecraft:piston":4,"minecraft:book":8,"minecraft:stick":1,"minecraft:nether_quartz_ore":23,"minecraft:cooked_porkchop":4,"minecraft:oak_door":1,"minecraft:daylight_detector":1,"minecraft:quartz":30,"minecraft:oak_pressure_plate":2,"minecraft:poisonous_potato":27,"minecraft:note_block":1,"minecraft:dropper":4,"minecraft:porkchop":3,"minecraft:stone_button":2,"minecraft:redstone":53,"minecraft:golden_chestplate":1,"minecraft:prismarine_crystals":24,"minecraft:sea_lantern":5,"minecraft:iron_horse_armor":1,"minecraft:stone_pressure_plate":2,"minecraft:tnt":6,"minecraft:quartz_block":18,"minecraft:iron_hoe":1,"minecraft:lime_banner":1,"minecraft:dispenser":2,"minecraft:arrow":25,"minecraft:rotten_flesh":7,"minecraft:diamond":19,"minecraft:tropical_fish":4,"minecraft:slime_block":45,"minecraft:lever":2,"minecraft:light_blue_carpet":2,"minecraft:iron_helmet":1,"minecraft:sandstone_stairs":2,"minecraft:yellow_terracotta":13,"minecraft:golden_apple":6,"minecraft:bookshelf":10,"minecraft:gold_ingot":10,"minecraft:emerald":14,"minecraft:oak_button":2,"minecraft:baked_potato":20,"minecraft:cod":4,"minecraft:hopper":4,"minecraft:ender_pearl":10},"minecraft:used":{"minecraft:light_blue_carpet":2,"minecraft:light_blue_banner":2,"minecraft:prismarine":12,"minecraft:baked_potato":3,"minecraft:ender_pearl":2,"minecraft:ender_chest":2,"minecraft:iron_sword":5,"minecraft:golden_apple":3,"minecraft:lime_banner":1,"minecraft:slime_block":5,"minecraft:fishing_rod":1,"minecraft:bow":13,"minecraft:porkchop":3,"minecraft:cooked_porkchop":2},"minecraft:crafted":{"minecraft:quartz_block":7},"minecraft:killed_by":{"minecraft:warden":1,"minecraft:player":5}},"DataVersion":3578}