{"stats":{"minecraft:killed":{"minecraft:witch":1,"minecraft:spider":2,"minecraft:slime":36,"minecraft:zombie_horse":2,"minecraft:skeleton":2,"minecraft:llama":2,"minecraft:silverfish":7,"minecraft:pig":1,"minecraft:zombie":5,"minecraft:villager":3},"minecraft:custom":{"minecraft:mob_kills":66,"minecraft:interact_with_crafting_table":3,"minecraft:leave_game":24,"minecraft:time_since_death":174,"minecraft:damage_resisted":923,"minecraft:climb_one_cm":2156,"minecraft:sprint_one_cm":231208,"minecraft:walk_one_cm":228360,"minecraft:drop":150,"minecraft:talked_to_villager":10,"minecraft:play_time":89699,"minecraft:sneak_time":5537,"minecraft:deaths":44,"minecraft:jump":1822,"minecraft:walk_on_water_one_cm":1406,"minecraft:enchant_item":2,"minecraft:total_world_time":89699,"minecraft:traded_with_villager":3,"minecraft:time_since_rest":202,"minecraft:damage_absorbed":204,"minecraft:damage_taken":17551,"minecraft:open_enderchest":1,"minecraft:damage_dealt":7854,"minecraft:player_kills":22,"minecraft:fly_one_cm":379104,"minecraft:pig_one_cm":404,"minecraft:open_chest":20,"minecraft:crouch_one_cm":17797,"minecraft:aviate_one_cm":47344,"minecraft:fall_one_cm":124464,"minecraft:horse_one_cm":79056},"minecraft:mined":{"minecraft:quartz_stairs":6,"minecraft:light_blue_carpet":3,"minecraft:sea_lantern":1,"minecraft:jungle_planks":8,"minecraft:white_concrete":1,"minecraft:light_blue_wall_banner":3,"minecraft:fire":28,"minecraft:diamond_block":5,"minecraft:enchanting_table":2,"minecraft:bookshelf":4,"minecraft:iron_bars":4,"minecraft:green_carpet":1,"lucky:lucky_block":43,"minecraft:stone":15,"minecraft:quartz_block":9,"minecraft:crafting_table":1,"minecraft:beacon":1,"minecraft:slime_block":148,"minecraft:prismarine":2,"minecraft:redstone_torch":2,"minecraft:lapis_block":1,"minecraft:dirt":2},"minecraft:dropped":{"minecraft:daylight_detector":1,"minecraft:iron_sword":1,"minecraft:piston":4,"minecraft:drowned_spawn_egg":1,"minecraft:orange_dye":3,"minecraft:oak_pressure_plate":2,"minecraft:golden_pickaxe":1,"minecraft:tnt":9,"minecraft:diamond":20,"minecraft:golden_horse_armor":1,"minecraft:bookshelf":12,"minecraft:yellow_concrete":6,"minecraft:sandstone_stairs":2,"minecraft:poisonous_potato":2,"minecraft:witch_spawn_egg":1,"minecraft:crossbow":1,"minecraft:prismarine_shard":27,"minecraft:yellow_terracotta":9,"minecraft:iron_helmet":1,"minecraft:golden_axe":1,"minecraft:feather":2,"minecraft:prismarine_crystals":40,"minecraft:book":8,"minecraft:leather":1,"minecraft:jungle_planks":3,"minecraft:iron_horse_armor":1,"minecraft:elytra":1,"minecraft:leather_helmet":1,"minecraft:stick":1,"minecraft:light_weighted_pressure_plate":1,"minecraft:diamond_horse_armor":1,"minecraft:dirt":2,"minecraft:redstone_lamp":4,"minecraft:iron_trapdoor":2,"minecraft:dispenser":2,"minecraft:torch":3,"minecraft:repeater":8,"minecraft:mutton":6,"minecraft:wooden_axe":1,"minecraft:rabbit":1,"minecraft:iron_door":1,"minecraft:iron_leggings":1,"minecraft:gold_nugget":2,"minecraft:golden_hoe":1,"minecraft:iron_axe":1,"minecraft:fishing_rod":1,"minecraft:iron_shovel":1,"minecraft:string":12,"minecraft:tripwire_hook":2,"minecraft:lapis_block":4,"minecraft:bone":5,"minecraft:redstone":2,"minecraft:oak_door":1,"minecraft:note_block":1,"minecraft:lever":2,"minecraft:oak_trapdoor":2,"minecraft:golden_chestplate":1,"minecraft:music_disc_otherside":1,"minecraft:lime_concrete":4,"minecraft:sticky_piston":4,"minecraft:chicken":1,"minecraft:rotten_flesh":18,"minecraft:iron_boots":1,"minecraft:comparator":2,"minecraft:prismarine":7,"minecraft:golden_shovel":1,"minecraft:light_blue_concrete":21,"minecraft:salmon":3,"minecraft:carrot":2,"minecraft:rabbit_foot":4,"minecraft:rabbit_hide":3,"minecraft:oak_fence_gate":1,"minecraft:leather_chestplate":1,"minecraft:sea_lantern":5,"minecraft:potato":28,"minecraft:stone":14,"minecraft:trident":1,"minecraft:oak_button":2,"minecraft:heavy_weighted_pressure_plate":2,"minecraft:dropper":4,"minecraft:quartz_block":29,"minecraft:quartz_stairs":20,"minecraft:hopper":4,"minecraft:leather_boots":1,"minecraft:chest":1,"minecraft:wooden_shovel":1,"minecraft:golden_sword":1,"minecraft:cat_spawn_egg":1,"minecraft:leather_leggings":2,"minecraft:redstone_torch":10,"minecraft:beef":6,"minecraft:stone_pressure_plate":2,"minecraft:spider_eye":3,"minecraft:iron_bars":2,"minecraft:rabbit_stew":1,"minecraft:slime_ball":20,"minecraft:beacon":1,"minecraft:bow":3,"minecraft:arrow":2,"minecraft:wooden_pickaxe":1,"minecraft:nether_quartz_ore":23,"minecraft:light_blue_terracotta":17,"minecraft:quartz":2,"minecraft:quartz_slab":22},"minecraft:picked_up":{"minecraft:wooden_axe":1,"minecraft:fishing_rod":1,"minecraft:coarse_dirt":2,"minecraft:light_blue_concrete":21,"minecraft:chicken":1,"minecraft:ender_chest":2,"minecraft:redstone_lamp":4,"minecraft:iron_trapdoor":5,"minecraft:prismarine_shard":27,"minecraft:rabbit_stew":1,"minecraft:golden_pickaxe":1,"minecraft:leather_leggings":2,"minecraft:wooden_pickaxe":1,"minecraft:cooked_rabbit":4,"minecraft:diamond_horse_armor":1,"minecraft:golden_shovel":1,"minecraft:golden_sword":1,"minecraft:string":12,"minecraft:heavy_weighted_pressure_plate":3,"minecraft:iron_axe":1,"minecraft:oak_trapdoor":2,"lucky:lucky_potion":24,"minecraft:cat_spawn_egg":1,"minecraft:iron_leggings":1,"minecraft:quartz_slab":22,"minecraft:sticky_piston":4,"minecraft:iron_shovel":1,"minecraft:pufferfish":3,"minecraft:gold_nugget":2,"minecraft:comparator":2,"minecraft:light_weighted_pressure_plate":1,"minecraft:beef":6,"minecraft:redstone_torch":13,"minecraft:ender_eye":5,"minecraft:wooden_shovel":1,"minecraft:enchanted_golden_apple":2,"minecraft:quartz_stairs":20,"minecraft:chest":1,"minecraft:piston":4,"minecraft:stick":1,"minecraft:orange_dye":3,"minecraft:stone":14,"minecraft:oak_door":1,"minecraft:torch":3,"minecraft:note_block":1,"minecraft:porkchop":3,"minecraft:golden_axe":1,"minecraft:stone_button":2,"minecraft:trident":1,"minecraft:carrot":2,"minecraft:redstone":55,"minecraft:golden_chestplate":1,"minecraft:drowned_spawn_egg":1,"minecraft:prismarine_crystals":40,"minecraft:iron_horse_armor":2,"minecraft:rabbit_foot":4,"minecraft:stone_pressure_plate":2,"minecraft:tnt":15,"minecraft:quartz_block":47,"minecraft:arrow":61,"minecraft:rotten_flesh":19,"minecraft:tropical_fish":4,"minecraft:pumpkin_pie":1,"minecraft:golden_hoe":1,"minecraft:sandstone_stairs":2,"minecraft:yellow_terracotta":22,"minecraft:bookshelf":16,"minecraft:saddle":2,"minecraft:gold_ingot":39,"minecraft:mutton":6,"minecraft:iron_bars":2,"minecraft:cod":4,"minecraft:cobblestone":1,"minecraft:enchanting_table":2,"minecraft:leather_chestplate":1,"minecraft:feather":2,"minecraft:cooked_beef":1,"minecraft:repeater":8,"minecraft:golden_carrot":2,"minecraft:iron_door":1,"minecraft:tripwire_hook":2,"minecraft:salmon":3,"minecraft:leather":1,"minecraft:beacon":1,"minecraft:potato":82,"minecraft:light_gray_dye":1,"minecraft:golden_boots":1,"lucky:lucky_block":2,"minecraft:lapis_lazuli":17,"minecraft:dirt":10,"minecraft:leather_boots":1,"minecraft:bone":5,"minecraft:witch_spawn_egg":1,"minecraft:light_blue_banner":2,"minecraft:bow":3,"minecraft:rabbit_hide":3,"minecraft:iron_ingot":21,"minecraft:oak_fence_gate":1,"minecraft:cooked_chicken":4,"minecraft:diamond_helmet":1,"minecraft:rabbit":1,"minecraft:prismarine":19,"minecraft:iron_sword":1,"minecraft:book":26,"minecraft:nether_quartz_ore":23,"minecraft:sheep_spawn_egg":1,"minecraft:cooked_porkchop":11,"minecraft:daylight_detector":1,"minecraft:yellow_concrete":6,"minecraft:quartz":30,"minecraft:lime_concrete":4,"minecraft:oak_pressure_plate":2,"minecraft:poisonous_potato":31,"minecraft:dropper":4,"minecraft:jungle_planks":3,"minecraft:diamond_block":5,"minecraft:spider_eye":3,"minecraft:sea_lantern":5,"minecraft:leather_helmet":1,"minecraft:iron_hoe":1,"minecraft:lime_banner":1,"minecraft:dispenser":2,"minecraft:diamond":51,"minecraft:slime_ball":20,"minecraft:light_blue_terracotta":17,"minecraft:slime_block":128,"minecraft:lever":2,"minecraft:light_blue_carpet":2,"minecraft:iron_helmet":1,"minecraft:crossbow":1,"minecraft:golden_apple":10,"minecraft:golden_horse_armor":1,"minecraft:emerald":35,"minecraft:oak_button":3,"minecraft:baked_potato":43,"minecraft:hopper":4,"minecraft:ender_pearl":10},"minecraft:used":{"minecraft:enchanting_table":1,"minecraft:trident":4,"minecraft:light_blue_banner":2,"minecraft:ender_chest":2,"minecraft:iron_sword":176,"minecraft:dirt":8,"minecraft:bookshelf":4,"minecraft:lime_banner":1,"minecraft:slime_block":10,"minecraft:iron_axe":6,"lucky:lucky_block":8,"minecraft:quartz_block":25,"minecraft:bow":111,"minecraft:iron_trapdoor":3,"lucky:lucky_potion":24,"minecraft:enchanted_golden_apple":1,"minecraft:light_blue_carpet":2,"minecraft:diamond_boots":2,"minecraft:prismarine":12,"minecraft:baked_potato":23,"minecraft:oak_planks":60,"minecraft:ender_pearl":6,"minecraft:diamond_axe":34,"minecraft:golden_apple":3,"minecraft:yellow_terracotta":13,"minecraft:tnt":6,"minecraft:crafting_table":1,"minecraft:redstone_torch":3,"minecraft:diamond_pickaxe":53,"minecraft:firework_rocket":3,"minecraft:heavy_weighted_pressure_plate":1,"minecraft:oak_button":1,"minecraft:fishing_rod":1,"minecraft:cobblestone":1,"minecraft:porkchop":3,"minecraft:cooked_porkchop":11,"minecraft:lapis_block":1,"minecraft:coarse_dirt":2,"minecraft:diamond_leggings":1,"minecraft:golden_pickaxe":1},"minecraft:crafted":{"minecraft:oak_planks":64,"minecraft:quartz_block":7,"minecraft:diamond":45,"minecraft:diamond_leggings":1,"minecraft:iron_boots":1,"minecraft:diamond_boots":1,"minecraft:diamond_axe":1,"minecraft:crafting_table":1,"minecraft:diamond_pickaxe":1,"minecraft:diamond_chestplate":1},"minecraft:broken":{"minecraft:golden_boots":1},"minecraft:killed_by":{"minecraft:player":19,"minecraft:creeper":1,"minecraft:ravager":1,"minecraft:slime":1,"minecraft:warden":1,"minecraft:zombie":1}},"DataVersion":3578}