{"stats":{"minecraft:killed":{"minecraft:zombie_horse":2,"minecraft:llama":2},"minecraft:custom":{"minecraft:mob_kills":6,"minecraft:leave_game":12,"minecraft:time_since_death":2986,"minecraft:sprint_one_cm":138713,"minecraft:walk_one_cm":131066,"minecraft:drop":54,"minecraft:talked_to_villager":1,"minecraft:play_time":50979,"minecraft:deaths":22,"minecraft:sneak_time":2972,"minecraft:jump":1171,"minecraft:walk_on_water_one_cm":36,"minecraft:total_world_time":50979,"minecraft:traded_with_villager":1,"minecraft:time_since_rest":3016,"minecraft:damage_taken":6789,"minecraft:open_enderchest":1,"minecraft:damage_absorbed":20,"minecraft:damage_dealt":3218,"minecraft:fly_one_cm":253261,"minecraft:player_kills":13,"minecraft:open_chest":16,"minecraft:pig_one_cm":404,"minecraft:crouch_one_cm":10857,"minecraft:fall_one_cm":19870,"minecraft:horse_one_cm":79056},"minecraft:mined":{"minecraft:sea_lantern":1,"minecraft:light_blue_carpet":3,"minecraft:light_blue_wall_banner":3,"minecraft:green_carpet":1,"lucky:lucky_block":25,"minecraft:beacon":1,"minecraft:slime_block":71,"minecraft:redstone_torch":2},"minecraft:dropped":{"minecraft:daylight_detector":1,"minecraft:piston":4,"minecraft:oak_pressure_plate":2,"minecraft:tnt":1,"minecraft:bookshelf":10,"minecraft:sandstone_stairs":2,"minecraft:poisonous_potato":2,"minecraft:prismarine_shard":27,"minecraft:yellow_terracotta":9,"minecraft:feather":2,"minecraft:prismarine_crystals":34,"minecraft:book":8,"minecraft:leather":1,"minecraft:light_weighted_pressure_plate":1,"minecraft:redstone_lamp":4,"minecraft:iron_trapdoor":2,"minecraft:dispenser":2,"minecraft:repeater":8,"minecraft:iron_door":1,"minecraft:gold_nugget":1,"minecraft:tripwire_hook":2,"minecraft:redstone":2,"minecraft:oak_door":1,"minecraft:note_block":1,"minecraft:lever":2,"minecraft:oak_trapdoor":2,"minecraft:music_disc_otherside":1,"minecraft:sticky_piston":4,"minecraft:chicken":1,"minecraft:rotten_flesh":7,"minecraft:comparator":2,"minecraft:prismarine":5,"minecraft:salmon":1,"minecraft:sea_lantern":5,"minecraft:oak_fence_gate":1,"minecraft:potato":28,"minecraft:oak_button":2,"minecraft:heavy_weighted_pressure_plate":1,"minecraft:dropper":4,"minecraft:quartz_block":25,"minecraft:quartz_stairs":6,"minecraft:hopper":4,"minecraft:chest":1,"minecraft:redstone_torch":9,"minecraft:stone_pressure_plate":2,"minecraft:nether_quartz_ore":23,"minecraft:quartz":2,"minecraft:quartz_slab":9},"minecraft:picked_up":{"minecraft:fishing_rod":1,"minecraft:light_blue_concrete":14,"minecraft:ender_chest":2,"minecraft:chicken":1,"minecraft:iron_trapdoor":5,"minecraft:prismarine_shard":27,"minecraft:redstone_lamp":4,"minecraft:diamond_horse_armor":1,"minecraft:heavy_weighted_pressure_plate":3,"minecraft:oak_trapdoor":2,"lucky:lucky_potion":11,"minecraft:iron_axe":1,"minecraft:iron_leggings":1,"minecraft:sticky_piston":4,"minecraft:quartz_slab":15,"minecraft:pufferfish":3,"minecraft:gold_nugget":2,"minecraft:comparator":2,"minecraft:light_weighted_pressure_plate":1,"minecraft:redstone_torch":13,"minecraft:ender_eye":5,"minecraft:enchanted_golden_apple":2,"minecraft:quartz_stairs":19,"minecraft:chest":1,"minecraft:piston":4,"minecraft:stick":1,"minecraft:oak_door":1,"minecraft:note_block":1,"minecraft:porkchop":3,"minecraft:stone_button":2,"minecraft:redstone":55,"minecraft:prismarine_crystals":34,"minecraft:golden_chestplate":1,"minecraft:iron_horse_armor":2,"minecraft:stone_pressure_plate":2,"minecraft:tnt":7,"minecraft:quartz_block":28,"minecraft:arrow":56,"minecraft:rotten_flesh":7,"minecraft:tropical_fish":4,"minecraft:sandstone_stairs":2,"minecraft:yellow_terracotta":22,"minecraft:bookshelf":10,"minecraft:saddle":2,"minecraft:gold_ingot":31,"minecraft:cod":4,"minecraft:feather":2,"minecraft:repeater":8,"minecraft:iron_door":1,"minecraft:tripwire_hook":2,"minecraft:salmon":1,"minecraft:leather":1,"minecraft:potato":82,"minecraft:golden_boots":1,"lucky:lucky_block":1,"minecraft:lapis_lazuli":17,"minecraft:light_blue_banner":2,"minecraft:bow":3,"minecraft:iron_ingot":21,"minecraft:oak_fence_gate":1,"minecraft:prismarine":17,"minecraft:iron_sword":1,"minecraft:book":8,"minecraft:nether_quartz_ore":23,"minecraft:cooked_porkchop":11,"minecraft:daylight_detector":1,"minecraft:yellow_concrete":1,"minecraft:quartz":30,"minecraft:poisonous_potato":29,"minecraft:oak_pressure_plate":2,"minecraft:dropper":4,"minecraft:sea_lantern":5,"minecraft:iron_hoe":1,"minecraft:lime_banner":1,"minecraft:dispenser":2,"minecraft:light_blue_terracotta":17,"minecraft:diamond":48,"minecraft:slime_block":52,"minecraft:lever":2,"minecraft:light_blue_carpet":2,"minecraft:iron_helmet":1,"minecraft:golden_apple":9,"minecraft:golden_horse_armor":1,"minecraft:emerald":35,"minecraft:oak_button":2,"minecraft:baked_potato":40,"minecraft:hopper":4,"minecraft:ender_pearl":10},"minecraft:used":{"minecraft:light_blue_banner":2,"minecraft:ender_chest":2,"minecraft:iron_sword":29,"minecraft:lime_banner":1,"lucky:lucky_block":1,"minecraft:iron_axe":6,"minecraft:slime_block":5,"minecraft:bow":52,"minecraft:iron_trapdoor":3,"minecraft:light_blue_carpet":2,"minecraft:prismarine":12,"minecraft:baked_potato":10,"minecraft:ender_pearl":2,"minecraft:golden_apple":3,"minecraft:yellow_terracotta":13,"minecraft:tnt":6,"minecraft:redstone_torch":3,"minecraft:diamond_pickaxe":3,"minecraft:heavy_weighted_pressure_plate":1,"minecraft:fishing_rod":1,"minecraft:cooked_porkchop":2,"minecraft:porkchop":3},"minecraft:crafted":{"minecraft:quartz_block":7,"minecraft:diamond_pickaxe":1},"minecraft:killed_by":{"minecraft:player":9,"minecraft:warden":1,"minecraft:zombie":1}},"DataVersion":3578}