{"stats":{"minecraft:killed":{"minecraft:slime":1},"minecraft:custom":{"minecraft:jump":602,"minecraft:open_chest":31,"minecraft:time_since_rest":28339,"minecraft:damage_dealt":10,"minecraft:crouch_one_cm":1875,"minecraft:leave_game":2,"minecraft:play_time":34445,"minecraft:sprint_one_cm":49786,"minecraft:deaths":1,"minecraft:time_since_death":28312,"minecraft:walk_one_cm":58274,"minecraft:sneak_time":1014,"minecraft:total_world_time":34445,"minecraft:mob_kills":1,"minecraft:fly_one_cm":321105},"minecraft:picked_up":{"minecraft:slime_ball":1},"minecraft:used":{"minecraft:quartz_block":3,"minecraft:dirt":1,"minecraft:written_book":2,"lucky:lucky_block":89,"minecraft:grass_block":1}},"DataVersion":3578}