{"stats":{"minecraft:mined":{"minecraft:grass":5},"minecraft:custom":{"minecraft:jump":77,"minecraft:time_since_rest":1287,"minecraft:damage_dealt":100,"minecraft:damage_taken":270,"minecraft:leave_game":3,"minecraft:play_time":2125,"minecraft:sprint_one_cm":8234,"minecraft:walk_one_cm":1088,"minecraft:time_since_death":1260,"minecraft:deaths":1,"minecraft:total_world_time":2125,"minecraft:mob_kills":1,"minecraft:fall_one_cm":6207,"minecraft:fly_one_cm":20655},"minecraft:killed":{"minecraft:pig":1},"minecraft:picked_up":{"minecraft:porkchop":3}},"DataVersion":3578}