{"stats":{"minecraft:killed":{"minecraft:wolf":3,"minecraft:zombie":22,"minecraft:pig":6,"minecraft:witch":1,"minecraft:warden":1,"minecraft:zoglin":1},"minecraft:custom":{"minecraft:time_since_rest":4009,"minecraft:sprint_one_cm":74360,"minecraft:damage_taken":3623,"minecraft:walk_one_cm":96702,"minecraft:mob_kills":42,"minecraft:drop":11,"minecraft:damage_dealt":10994,"minecraft:fly_one_cm":274152,"minecraft:player_kills":6,"minecraft:open_chest":5,"minecraft:crouch_one_cm":3786,"minecraft:play_time":38846,"minecraft:deaths":12,"minecraft:sneak_time":1184,"minecraft:jump":888,"minecraft:leave_game":8,"minecraft:time_since_death":3983,"minecraft:total_world_time":38846,"minecraft:fall_one_cm":5154},"minecraft:mined":{"minecraft:player_wall_head":2,"minecraft:slime_block":1,"lucky:lucky_block":9},"minecraft:dropped":{"minecraft:porkchop":2,"minecraft:ink_sac":3,"minecraft:poisonous_potato":4,"minecraft:gold_nugget":1,"minecraft:enchanted_golden_apple":2,"minecraft:golden_apple":1},"minecraft:picked_up":{"minecraft:sculk_catalyst":1,"minecraft:sniffer_spawn_egg":1,"minecraft:pillager_spawn_egg":1,"minecraft:cooked_porkchop":6,"minecraft:squid_spawn_egg":1,"minecraft:diamond_sword":1,"minecraft:bee_spawn_egg":1,"minecraft:poisonous_potato":4,"minecraft:potato":28,"minecraft:porkchop":2,"minecraft:ink_sac":3,"minecraft:carrot":2,"minecraft:magma_cube_spawn_egg":1,"minecraft:green_carpet":1,"lucky:lucky_bow":1,"minecraft:wither_skeleton_spawn_egg":1,"minecraft:rotten_flesh":19,"minecraft:zoglin_spawn_egg":1,"minecraft:slime_block":9,"lucky:lucky_sword":1,"minecraft:sandstone_stairs":1,"minecraft:glowstone_dust":1,"minecraft:golden_apple":1,"minecraft:player_head":2,"minecraft:gold_ingot":16,"minecraft:bread":1,"minecraft:ravager_spawn_egg":1,"minecraft:baked_potato":18,"minecraft:enchanted_golden_apple":2},"minecraft:used":{"minecraft:netherite_sword":66,"minecraft:trident":6,"minecraft:sandstone_stairs":1,"minecraft:yellow_stained_glass":4,"minecraft:quartz_slab":1,"minecraft:baked_potato":3,"minecraft:quartz_block":1,"minecraft:player_head":1,"minecraft:magma_cube_spawn_egg":1,"minecraft:diamond_sword":59,"minecraft:sniffer_spawn_egg":1,"minecraft:lime_stained_glass":1,"minecraft:cooked_porkchop":6,"minecraft:potato":1,"minecraft:squid_spawn_egg":1,"minecraft:orange_terracotta":1,"minecraft:pillager_spawn_egg":1,"minecraft:green_stained_glass":2,"minecraft:zoglin_spawn_egg":1,"minecraft:warden_spawn_egg":1},"minecraft:killed_by":{"minecraft:player":1,"minecraft:creeper":1,"minecraft:zombie":2}},"DataVersion":3578}