{"stats":{"minecraft:killed":{"minecraft:witch":1,"minecraft:endermite":5,"minecraft:spider":10,"minecraft:zoglin":1,"minecraft:skeleton":4,"minecraft:silverfish":8,"minecraft:warden":1,"minecraft:wolf":3,"minecraft:pig":18,"minecraft:rabbit":1,"minecraft:bat":9,"minecraft:ravager":1,"minecraft:creeper":2,"minecraft:zombie":25,"minecraft:ghast":1},"minecraft:custom":{"minecraft:mob_kills":101,"minecraft:interact_with_crafting_table":9,"minecraft:leave_game":13,"minecraft:time_since_death":1237,"minecraft:climb_one_cm":7385,"minecraft:sprint_one_cm":159957,"minecraft:walk_one_cm":302379,"minecraft:drop":103,"minecraft:talked_to_villager":8,"minecraft:play_time":92821,"minecraft:deaths":33,"minecraft:sneak_time":4013,"minecraft:jump":1794,"minecraft:walk_on_water_one_cm":903,"minecraft:enchant_item":6,"minecraft:total_world_time":92821,"minecraft:traded_with_villager":2,"minecraft:time_since_rest":1286,"minecraft:damage_taken":12473,"minecraft:damage_dealt":15006,"minecraft:fly_one_cm":506158,"minecraft:player_kills":11,"minecraft:open_chest":24,"minecraft:crouch_one_cm":11811,"minecraft:aviate_one_cm":429785,"minecraft:fall_one_cm":29452},"minecraft:mined":{"minecraft:fire":27,"minecraft:diamond_block":4,"lucky:lucky_block":37,"minecraft:player_wall_head":2,"minecraft:slime_block":18,"minecraft:oak_log":1},"minecraft:dropped":{"minecraft:enchanted_book":1,"minecraft:bread":1,"minecraft:iron_sword":2,"minecraft:porkchop":8,"minecraft:wheat_seeds":1,"minecraft:lapis_lazuli":23,"lucky:lucky_block":8,"minecraft:diamond_leggings":1,"minecraft:poisonous_potato":10,"minecraft:iron_helmet":3,"minecraft:book":16,"minecraft:saddle":1,"minecraft:elytra":1,"minecraft:golden_apple":1,"minecraft:pufferfish":3,"minecraft:bee_spawn_egg":1,"minecraft:wither_skeleton_spawn_egg":1,"minecraft:iron_trapdoor":3,"minecraft:ink_sac":3,"minecraft:mutton":3,"minecraft:iron_leggings":1,"lucky:lucky_bow":1,"minecraft:gold_nugget":2,"minecraft:string":17,"minecraft:bone":3,"minecraft:redstone":2,"minecraft:red_concrete":1,"minecraft:ravager_spawn_egg":2,"minecraft:rotten_flesh":25,"minecraft:enchanted_golden_apple":2,"minecraft:glowstone_dust":1,"minecraft:oak_sign":2,"minecraft:carrot":2,"minecraft:rabbit_hide":1,"minecraft:potato":43,"minecraft:gunpowder":1,"minecraft:dropper":10,"minecraft:iron_chestplate":1,"minecraft:cake":1,"minecraft:quartz_stairs":1,"minecraft:leather_leggings":1,"minecraft:spider_eye":1,"minecraft:diamond_boots":1,"minecraft:slime_ball":1,"minecraft:iron_bars":1,"lucky:lucky_sword":1,"minecraft:quartz_slab":4},"minecraft:picked_up":{"minecraft:iron_chestplate":2,"minecraft:chicken":14,"minecraft:iron_trapdoor":3,"minecraft:leather_leggings":1,"minecraft:diamond_sword":1,"minecraft:bee_spawn_egg":1,"minecraft:enchanted_book":11,"minecraft:magma_cube_spawn_egg":1,"minecraft:string":19,"minecraft:elytra":1,"minecraft:wooden_sword":1,"minecraft:iron_leggings":1,"minecraft:quartz_slab":15,"minecraft:pufferfish":3,"minecraft:oak_sign":2,"minecraft:zoglin_spawn_egg":1,"lucky:lucky_sword":1,"minecraft:player_head":3,"minecraft:light_gray_wool":1,"minecraft:enchanted_golden_apple":2,"minecraft:quartz_stairs":1,"minecraft:iron_boots":1,"minecraft:sniffer_spawn_egg":1,"minecraft:stick":2,"minecraft:squid_spawn_egg":1,"minecraft:porkchop":8,"minecraft:cake":1,"minecraft:carrot":2,"minecraft:redstone":2,"minecraft:arrow":9,"minecraft:rotten_flesh":25,"minecraft:sandstone_stairs":1,"minecraft:saddle":2,"minecraft:bookshelf":6,"minecraft:gold_ingot":75,"minecraft:ravager_spawn_egg":2,"minecraft:mutton":5,"minecraft:iron_bars":1,"minecraft:potato":44,"minecraft:oak_log":1,"lucky:lucky_block":12,"minecraft:gunpowder":3,"minecraft:wooden_hoe":1,"minecraft:lapis_lazuli":32,"lucky:lucky_bow":2,"minecraft:cooked_mutton":4,"minecraft:bone":8,"minecraft:wheat_seeds":1,"minecraft:rabbit_hide":1,"minecraft:light_blue_dye":1,"minecraft:iron_ingot":32,"minecraft:cooked_chicken":7,"minecraft:glowstone_dust":1,"minecraft:rabbit":1,"minecraft:iron_sword":3,"minecraft:book":16,"minecraft:sculk_catalyst":1,"minecraft:pillager_spawn_egg":1,"minecraft:cooked_porkchop":33,"minecraft:poisonous_potato":10,"minecraft:dropper":14,"minecraft:ink_sac":3,"minecraft:diamond_block":4,"minecraft:green_carpet":1,"minecraft:spider_eye":1,"minecraft:wither_skeleton_spawn_egg":1,"minecraft:slime_ball":1,"minecraft:light_blue_terracotta":17,"minecraft:diamond":80,"minecraft:slime_block":17,"minecraft:iron_helmet":4,"minecraft:golden_apple":1,"minecraft:emerald":45,"minecraft:bread":1,"minecraft:cyan_dye":1,"minecraft:baked_potato":27,"minecraft:red_concrete":1},"minecraft:used":{"minecraft:trident":6,"minecraft:netherite_sword":66,"minecraft:light_blue_terracotta":17,"minecraft:player_head":1,"minecraft:warden_spawn_egg":1,"minecraft:bookshelf":6,"lucky:lucky_block":4,"minecraft:quartz_slab":12,"minecraft:yellow_stained_glass":4,"minecraft:slime_block":17,"minecraft:quartz_block":1,"minecraft:magma_cube_spawn_egg":1,"minecraft:light_gray_wool":1,"minecraft:sniffer_spawn_egg":1,"minecraft:lime_stained_glass":1,"minecraft:potato":1,"minecraft:orange_terracotta":1,"minecraft:zoglin_spawn_egg":1,"minecraft:sandstone_stairs":1,"minecraft:dropper":4,"minecraft:baked_potato":25,"minecraft:diamond_axe":2,"minecraft:crafting_table":1,"minecraft:squid_spawn_egg":1,"minecraft:diamond_pickaxe":4,"minecraft:firework_rocket":33,"minecraft:diamond_sword":135,"minecraft:cooked_porkchop":18,"minecraft:pillager_spawn_egg":1,"minecraft:green_stained_glass":2},"minecraft:crafted":{"minecraft:oak_planks":4,"minecraft:diamond":36,"minecraft:diamond_helmet":2,"minecraft:diamond_leggings":2,"minecraft:diamond_boots":2,"minecraft:diamond_axe":1,"minecraft:crafting_table":1,"minecraft:diamond_pickaxe":1,"minecraft:lapis_lazuli":18,"minecraft:diamond_chestplate":2},"minecraft:killed_by":{"minecraft:player":6,"minecraft:creeper":3,"minecraft:ravager":1,"minecraft:skeleton":1,"minecraft:guardian":1,"minecraft:zombie":2,"minecraft:wither":1}},"DataVersion":3578}