{"stats":{"minecraft:killed":{"minecraft:wolf":3,"minecraft:pig":12,"minecraft:witch":1,"minecraft:spider":4,"minecraft:bat":9,"minecraft:creeper":1,"minecraft:zoglin":1,"minecraft:zombie":23,"minecraft:warden":1},"minecraft:custom":{"minecraft:mob_kills":64,"minecraft:traded_with_villager":2,"minecraft:leave_game":8,"minecraft:time_since_death":351,"minecraft:climb_one_cm":7385,"minecraft:time_since_rest":373,"minecraft:sprint_one_cm":121745,"minecraft:damage_taken":8211,"minecraft:walk_one_cm":192290,"minecraft:drop":50,"minecraft:damage_dealt":12544,"minecraft:talked_to_villager":6,"minecraft:fly_one_cm":378015,"minecraft:player_kills":9,"minecraft:open_chest":19,"minecraft:crouch_one_cm":9098,"minecraft:play_time":62846,"minecraft:deaths":22,"minecraft:sneak_time":3280,"minecraft:aviate_one_cm":29071,"minecraft:jump":1427,"minecraft:walk_on_water_one_cm":118,"minecraft:total_world_time":62846,"minecraft:fall_one_cm":19733},"minecraft:mined":{"minecraft:player_wall_head":2,"minecraft:slime_block":18,"minecraft:fire":2,"minecraft:diamond_block":2,"lucky:lucky_block":24},"minecraft:dropped":{"minecraft:bread":1,"minecraft:iron_sword":1,"minecraft:porkchop":4,"minecraft:lapis_lazuli":23,"minecraft:poisonous_potato":10,"minecraft:iron_helmet":1,"minecraft:rotten_flesh":19,"minecraft:enchanted_golden_apple":2,"minecraft:glowstone_dust":1,"minecraft:saddle":1,"minecraft:oak_sign":2,"minecraft:carrot":2,"minecraft:golden_apple":1,"minecraft:pufferfish":1,"minecraft:potato":43,"minecraft:bee_spawn_egg":1,"minecraft:wither_skeleton_spawn_egg":1,"minecraft:iron_trapdoor":3,"minecraft:ink_sac":3,"minecraft:dropper":10,"minecraft:iron_chestplate":1,"minecraft:quartz_stairs":1,"minecraft:gold_nugget":2,"minecraft:slime_ball":1,"minecraft:string":6,"minecraft:redstone":2},"minecraft:picked_up":{"minecraft:iron_chestplate":2,"minecraft:iron_trapdoor":3,"minecraft:diamond_sword":1,"minecraft:bee_spawn_egg":1,"minecraft:potato":44,"minecraft:enchanted_book":10,"minecraft:gunpowder":1,"lucky:lucky_block":12,"minecraft:magma_cube_spawn_egg":1,"minecraft:lapis_lazuli":23,"minecraft:string":6,"lucky:lucky_bow":1,"minecraft:quartz_slab":13,"minecraft:pufferfish":2,"minecraft:oak_sign":2,"minecraft:zoglin_spawn_egg":1,"lucky:lucky_sword":1,"minecraft:iron_ingot":9,"minecraft:player_head":2,"minecraft:enchanted_golden_apple":2,"minecraft:glowstone_dust":1,"minecraft:quartz_stairs":1,"minecraft:iron_sword":1,"minecraft:book":16,"minecraft:sniffer_spawn_egg":1,"minecraft:sculk_catalyst":1,"minecraft:pillager_spawn_egg":1,"minecraft:cooked_porkchop":21,"minecraft:squid_spawn_egg":1,"minecraft:poisonous_potato":10,"minecraft:dropper":14,"minecraft:porkchop":7,"minecraft:cake":1,"minecraft:ink_sac":3,"minecraft:carrot":2,"minecraft:diamond_block":2,"minecraft:redstone":2,"minecraft:green_carpet":1,"minecraft:wither_skeleton_spawn_egg":1,"minecraft:rotten_flesh":21,"minecraft:slime_ball":1,"minecraft:diamond":57,"minecraft:slime_block":17,"minecraft:iron_helmet":2,"minecraft:sandstone_stairs":1,"minecraft:saddle":1,"minecraft:golden_apple":1,"minecraft:bookshelf":6,"minecraft:bread":1,"minecraft:gold_ingot":30,"minecraft:emerald":23,"minecraft:baked_potato":27,"minecraft:ravager_spawn_egg":1},"minecraft:used":{"minecraft:trident":6,"minecraft:netherite_sword":66,"minecraft:sandstone_stairs":1,"minecraft:dropper":4,"minecraft:baked_potato":23,"minecraft:diamond_axe":2,"minecraft:player_head":1,"minecraft:squid_spawn_egg":1,"minecraft:warden_spawn_egg":1,"minecraft:diamond_pickaxe":2,"minecraft:firework_rocket":3,"minecraft:bookshelf":6,"minecraft:slime_block":11,"minecraft:quartz_slab":12,"minecraft:yellow_stained_glass":4,"minecraft:quartz_block":1,"minecraft:magma_cube_spawn_egg":1,"minecraft:diamond_sword":87,"minecraft:sniffer_spawn_egg":1,"minecraft:lime_stained_glass":1,"minecraft:cooked_porkchop":9,"minecraft:potato":1,"minecraft:orange_terracotta":1,"minecraft:pillager_spawn_egg":1,"minecraft:zoglin_spawn_egg":1,"minecraft:green_stained_glass":2},"minecraft:crafted":{"minecraft:diamond_axe":1,"minecraft:diamond":18,"minecraft:diamond_pickaxe":1},"minecraft:killed_by":{"minecraft:player":6,"minecraft:skeleton":1,"minecraft:creeper":1,"minecraft:guardian":1,"minecraft:zombie":2,"minecraft:wither":1}},"DataVersion":3578}