{"stats":{"minecraft:killed":{"minecraft:wolf":3,"minecraft:pig":12,"minecraft:witch":1,"minecraft:bat":9,"minecraft:zoglin":1,"minecraft:zombie":23,"minecraft:warden":1},"minecraft:custom":{"minecraft:mob_kills":59,"minecraft:traded_with_villager":1,"minecraft:leave_game":8,"minecraft:time_since_death":3251,"minecraft:time_since_rest":3297,"minecraft:sprint_one_cm":101697,"minecraft:damage_taken":5797,"minecraft:walk_one_cm":146408,"minecraft:drop":25,"minecraft:damage_dealt":11787,"minecraft:talked_to_villager":2,"minecraft:fly_one_cm":330923,"minecraft:player_kills":6,"minecraft:open_chest":7,"minecraft:crouch_one_cm":6613,"minecraft:play_time":50846,"minecraft:deaths":18,"minecraft:sneak_time":1906,"minecraft:jump":1164,"minecraft:walk_on_water_one_cm":118,"minecraft:total_world_time":50846,"minecraft:fall_one_cm":10211},"minecraft:mined":{"minecraft:player_wall_head":2,"minecraft:slime_block":18,"minecraft:fire":1,"lucky:lucky_block":17},"minecraft:dropped":{"minecraft:porkchop":2,"minecraft:poisonous_potato":10,"minecraft:enchanted_golden_apple":2,"minecraft:golden_apple":1,"minecraft:pufferfish":1,"minecraft:ink_sac":3,"minecraft:dropper":6,"minecraft:gold_nugget":2},"minecraft:picked_up":{"minecraft:diamond_sword":1,"minecraft:bee_spawn_egg":1,"minecraft:potato":44,"minecraft:enchanted_book":10,"minecraft:magma_cube_spawn_egg":1,"minecraft:lapis_lazuli":23,"lucky:lucky_bow":1,"minecraft:quartz_slab":11,"minecraft:pufferfish":1,"minecraft:oak_sign":2,"minecraft:zoglin_spawn_egg":1,"lucky:lucky_sword":1,"minecraft:iron_ingot":9,"minecraft:player_head":2,"minecraft:enchanted_golden_apple":2,"minecraft:glowstone_dust":1,"minecraft:quartz_stairs":1,"minecraft:book":16,"minecraft:sniffer_spawn_egg":1,"minecraft:sculk_catalyst":1,"minecraft:pillager_spawn_egg":1,"minecraft:cooked_porkchop":21,"minecraft:squid_spawn_egg":1,"minecraft:poisonous_potato":10,"minecraft:dropper":14,"minecraft:porkchop":4,"minecraft:ink_sac":3,"minecraft:carrot":2,"minecraft:green_carpet":1,"minecraft:wither_skeleton_spawn_egg":1,"minecraft:rotten_flesh":19,"minecraft:diamond":37,"minecraft:slime_block":17,"minecraft:sandstone_stairs":1,"minecraft:saddle":1,"minecraft:golden_apple":1,"minecraft:bookshelf":6,"minecraft:bread":1,"minecraft:gold_ingot":30,"minecraft:emerald":23,"minecraft:baked_potato":27,"minecraft:ravager_spawn_egg":1},"minecraft:used":{"minecraft:trident":6,"minecraft:netherite_sword":66,"minecraft:sandstone_stairs":1,"minecraft:dropper":2,"minecraft:baked_potato":11,"minecraft:diamond_axe":1,"minecraft:player_head":1,"minecraft:squid_spawn_egg":1,"minecraft:warden_spawn_egg":1,"minecraft:bookshelf":6,"minecraft:quartz_slab":12,"minecraft:yellow_stained_glass":4,"minecraft:quartz_block":1,"minecraft:magma_cube_spawn_egg":1,"minecraft:diamond_sword":73,"minecraft:sniffer_spawn_egg":1,"minecraft:lime_stained_glass":1,"minecraft:cooked_porkchop":6,"minecraft:potato":1,"minecraft:orange_terracotta":1,"minecraft:pillager_spawn_egg":1,"minecraft:zoglin_spawn_egg":1,"minecraft:green_stained_glass":2},"minecraft:crafted":{"minecraft:diamond_axe":1},"minecraft:killed_by":{"minecraft:player":3,"minecraft:creeper":1,"minecraft:guardian":1,"minecraft:zombie":2,"minecraft:wither":1}},"DataVersion":3578}