{"stats":{"minecraft:custom":{"minecraft:open_chest":4,"minecraft:time_since_rest":9813,"minecraft:crouch_one_cm":702,"minecraft:sprint_one_cm":30201,"minecraft:play_time":15373,"minecraft:deaths":5,"minecraft:damage_taken":1217,"minecraft:walk_one_cm":22711,"minecraft:sneak_time":277,"minecraft:jump":350,"minecraft:damage_dealt":81,"minecraft:leave_game":5,"minecraft:time_since_death":9786,"minecraft:total_world_time":15373,"minecraft:fall_one_cm":1521,"minecraft:fly_one_cm":125074,"minecraft:player_kills":2},"minecraft:mined":{"minecraft:player_wall_head":2},"minecraft:picked_up":{"minecraft:player_head":2,"minecraft:green_carpet":1},"minecraft:used":{"minecraft:quartz_slab":1,"minecraft:yellow_stained_glass":4,"minecraft:lime_stained_glass":1,"minecraft:quartz_block":1,"minecraft:orange_terracotta":1,"minecraft:player_head":1,"minecraft:green_stained_glass":2}},"DataVersion":3578}