{"stats":{"minecraft:killed":{"minecraft:zombie":22,"minecraft:pig":6,"minecraft:warden":1,"minecraft:zoglin":1},"minecraft:custom":{"minecraft:sprint_one_cm":60349,"minecraft:damage_taken":2603,"minecraft:walk_one_cm":68351,"minecraft:mob_kills":38,"minecraft:drop":6,"minecraft:damage_dealt":10508,"minecraft:fly_one_cm":246760,"minecraft:player_kills":6,"minecraft:open_chest":4,"minecraft:crouch_one_cm":1765,"minecraft:play_time":31823,"minecraft:deaths":9,"minecraft:sneak_time":652,"minecraft:jump":749,"minecraft:leave_game":7,"minecraft:time_since_death":2541,"minecraft:total_world_time":31823,"minecraft:fall_one_cm":3675,"minecraft:time_since_rest":2567},"minecraft:mined":{"minecraft:player_wall_head":2,"lucky:lucky_block":4},"minecraft:dropped":{"minecraft:porkchop":2,"minecraft:ink_sac":3,"minecraft:enchanted_golden_apple":2,"minecraft:golden_apple":1},"minecraft:picked_up":{"minecraft:sculk_catalyst":1,"minecraft:sniffer_spawn_egg":1,"minecraft:pillager_spawn_egg":1,"minecraft:cooked_porkchop":6,"minecraft:squid_spawn_egg":1,"minecraft:bee_spawn_egg":1,"minecraft:diamond_sword":1,"minecraft:porkchop":2,"minecraft:ink_sac":3,"minecraft:carrot":2,"minecraft:magma_cube_spawn_egg":1,"minecraft:green_carpet":1,"minecraft:wither_skeleton_spawn_egg":1,"minecraft:rotten_flesh":19,"minecraft:zoglin_spawn_egg":1,"minecraft:golden_apple":1,"minecraft:player_head":2,"minecraft:gold_ingot":16,"minecraft:enchanted_golden_apple":2,"minecraft:ravager_spawn_egg":1},"minecraft:used":{"minecraft:warden_spawn_egg":1,"minecraft:netherite_sword":66,"minecraft:trident":6,"minecraft:quartz_slab":1,"minecraft:yellow_stained_glass":4,"minecraft:quartz_block":1,"minecraft:player_head":1,"minecraft:magma_cube_spawn_egg":1,"minecraft:diamond_sword":51,"minecraft:sniffer_spawn_egg":1,"minecraft:lime_stained_glass":1,"minecraft:cooked_porkchop":4,"minecraft:squid_spawn_egg":1,"minecraft:orange_terracotta":1,"minecraft:pillager_spawn_egg":1,"minecraft:zoglin_spawn_egg":1,"minecraft:green_stained_glass":2},"minecraft:killed_by":{"minecraft:player":1,"minecraft:zombie":2}},"DataVersion":3578}