{"stats":{"minecraft:custom":{"minecraft:jump":119,"minecraft:time_since_rest":178,"minecraft:damage_dealt":57,"minecraft:damage_taken":1057,"minecraft:leave_game":5,"minecraft:crouch_one_cm":396,"minecraft:time_since_death":152,"minecraft:play_time":5530,"minecraft:sprint_one_cm":12503,"minecraft:walk_one_cm":10135,"minecraft:deaths":4,"minecraft:sneak_time":174,"minecraft:total_world_time":5530,"minecraft:fall_one_cm":1521,"minecraft:fly_one_cm":52157,"minecraft:player_kills":1,"minecraft:open_chest":4},"minecraft:mined":{"minecraft:player_wall_head":2},"minecraft:picked_up":{"minecraft:player_head":2},"minecraft:used":{"minecraft:player_head":1}},"DataVersion":3578}