{"stats":{"minecraft:custom":{"minecraft:jump":123,"minecraft:open_chest":16,"minecraft:time_since_rest":19634,"minecraft:crouch_one_cm":2193,"minecraft:leave_game":1,"minecraft:sprint_one_cm":8644,"minecraft:play_time":19634,"minecraft:time_since_death":19634,"minecraft:walk_one_cm":37645,"minecraft:sneak_time":787,"minecraft:total_world_time":19634,"minecraft:fall_one_cm":209,"minecraft:fly_one_cm":162253},"minecraft:used":{"minecraft:written_book":1,"lucky:lucky_block":133}},"DataVersion":3578}