{"stats":{"minecraft:custom":{"minecraft:time_since_rest":12904,"minecraft:sprint_one_cm":7763,"minecraft:damage_taken":425,"minecraft:walk_one_cm":26630,"minecraft:drop":43,"minecraft:damage_dealt":215,"minecraft:fly_one_cm":24242,"minecraft:open_chest":4,"minecraft:crouch_one_cm":54,"minecraft:play_time":16482,"minecraft:deaths":1,"minecraft:sneak_time":44,"minecraft:jump":157,"minecraft:time_since_death":3673,"minecraft:total_world_time":16482,"minecraft:fall_one_cm":2483},"minecraft:mined":{"minecraft:redstone_torch":1,"minecraft:redstone_wire":1,"lucky:lucky_block":6},"minecraft:dropped":{"minecraft:oak_door":2,"minecraft:oak_fence_gate":2,"minecraft:redstone_lamp":12,"minecraft:piston":8,"minecraft:oak_button":4,"minecraft:lever":4,"minecraft:oak_trapdoor":4,"minecraft:oak_pressure_plate":4,"minecraft:stone_button":4,"minecraft:heavy_weighted_pressure_plate":2,"minecraft:dispenser":4,"minecraft:tnt":6,"minecraft:dropper":2,"minecraft:repeater":16,"minecraft:hopper":6,"minecraft:sticky_piston":12,"minecraft:iron_door":2,"minecraft:redstone_torch":12,"minecraft:stone_pressure_plate":4,"minecraft:comparator":4,"minecraft:tripwire_hook":1,"minecraft:redstone":43,"minecraft:light_weighted_pressure_plate":1},"minecraft:picked_up":{"minecraft:daylight_detector":1,"minecraft:iron_trapdoor":2,"minecraft:cooked_porkchop":5,"minecraft:repeater":16,"minecraft:iron_door":2,"minecraft:oak_door":2,"minecraft:tripwire_hook":2,"minecraft:redstone_lamp":12,"minecraft:oak_pressure_plate":4,"minecraft:dropper":2,"minecraft:porkchop":14,"minecraft:stone_button":4,"minecraft:redstone":88,"minecraft:heavy_weighted_pressure_plate":2,"minecraft:oak_trapdoor":4,"minecraft:stone_pressure_plate":4,"minecraft:tnt":14,"minecraft:sticky_piston":12,"minecraft:dispenser":4,"lucky:lucky_sword":1,"minecraft:lever":4,"minecraft:comparator":4,"minecraft:light_weighted_pressure_plate":1,"minecraft:oak_fence_gate":2,"minecraft:redstone_torch":21,"minecraft:bookshelf":7,"minecraft:oak_button":4,"minecraft:piston":8,"minecraft:hopper":7,"minecraft:book":14},"minecraft:used":{"minecraft:redstone_torch":2,"minecraft:redstone":1,"lucky:lucky_sword":1,"minecraft:iron_trapdoor":2,"minecraft:tnt":3,"minecraft:cooked_porkchop":2},"minecraft:killed_by":{"minecraft:zombie":1}},"DataVersion":3578}