{"stats":{"minecraft:killed":{"minecraft:bat":2},"minecraft:custom":{"minecraft:mob_kills":7,"minecraft:eat_cake_slice":2,"minecraft:leave_game":2,"minecraft:time_since_death":306,"minecraft:climb_one_cm":2378,"minecraft:sprint_one_cm":40694,"minecraft:walk_one_cm":174125,"minecraft:drop":92,"minecraft:talked_to_villager":3,"minecraft:play_time":45573,"minecraft:deaths":26,"minecraft:sneak_time":552,"minecraft:jump":649,"minecraft:walk_on_water_one_cm":774,"minecraft:total_world_time":45573,"minecraft:time_since_rest":334,"minecraft:damage_taken":8794,"minecraft:damage_dealt":2961,"minecraft:player_kills":8,"minecraft:fly_one_cm":110757,"minecraft:open_chest":12,"minecraft:crouch_one_cm":1244,"minecraft:aviate_one_cm":202107,"minecraft:fall_one_cm":30844,"minecraft:horse_one_cm":139930},"minecraft:mined":{"minecraft:redstone_wire":2,"lucky:lucky_block":30,"minecraft:redstone_wall_torch":1,"minecraft:redstone_torch":1,"minecraft:end_rod":1},"minecraft:dropped":{"minecraft:water_bucket":1,"minecraft:enchanted_book":2,"minecraft:piston":8,"minecraft:porkchop":17,"minecraft:oak_pressure_plate":4,"minecraft:tnt":6,"lucky:lucky_block":24,"minecraft:bookshelf":7,"minecraft:sandstone_stairs":4,"minecraft:poisonous_potato":23,"minecraft:cobblestone":9,"minecraft:prismarine_crystals":7,"minecraft:book":14,"minecraft:stick":1,"minecraft:light_weighted_pressure_plate":1,"minecraft:lava_bucket":2,"minecraft:redstone_lamp":12,"minecraft:milk_bucket":1,"minecraft:stone_button":4,"minecraft:dispenser":4,"minecraft:repeater":16,"minecraft:iron_door":2,"minecraft:gold_nugget":3,"minecraft:string":1,"minecraft:fermented_spider_eye":2,"minecraft:tripwire_hook":2,"minecraft:bucket":3,"minecraft:armor_stand":1,"minecraft:redstone":130,"minecraft:oak_door":2,"minecraft:lever":4,"minecraft:oak_trapdoor":8,"minecraft:nether_wart":1,"minecraft:blaze_rod":3,"minecraft:sticky_piston":12,"minecraft:orange_concrete":13,"minecraft:rotten_flesh":11,"minecraft:comparator":4,"minecraft:slime_block":1,"minecraft:dolphin_spawn_egg":1,"minecraft:red_terracotta":7,"minecraft:oak_fence_gate":2,"minecraft:leather_chestplate":1,"minecraft:potato":22,"minecraft:oak_button":4,"minecraft:heavy_weighted_pressure_plate":2,"minecraft:orange_terracotta":3,"minecraft:dropper":2,"minecraft:quartz_block":23,"minecraft:hopper":7,"minecraft:redstone_torch":24,"minecraft:stone_pressure_plate":4,"minecraft:cow_spawn_egg":1,"minecraft:stone_pickaxe":1,"minecraft:magma_cream":1,"minecraft:ghast_tear":1},"minecraft:picked_up":{"minecraft:dolphin_spawn_egg":1,"minecraft:iron_trapdoor":2,"minecraft:nether_wart":1,"minecraft:redstone_lamp":12,"minecraft:leather_leggings":1,"minecraft:potion":1,"minecraft:enchanted_book":8,"minecraft:heavy_weighted_pressure_plate":2,"minecraft:string":2,"minecraft:oak_trapdoor":8,"minecraft:orange_concrete":13,"minecraft:iron_leggings":1,"minecraft:sticky_piston":12,"minecraft:armor_stand":1,"minecraft:gold_nugget":1,"minecraft:comparator":4,"lucky:lucky_sword":1,"minecraft:bucket":2,"minecraft:light_weighted_pressure_plate":1,"minecraft:redstone_torch":29,"minecraft:ender_eye":11,"minecraft:player_head":1,"minecraft:quartz_stairs":3,"minecraft:piston":8,"minecraft:stick":1,"minecraft:oak_door":2,"minecraft:porkchop":18,"minecraft:cake":1,"minecraft:stone_button":4,"minecraft:redstone":131,"minecraft:prismarine_crystals":7,"minecraft:stone_pressure_plate":4,"minecraft:tnt":14,"minecraft:quartz_block":23,"minecraft:rotten_flesh":14,"minecraft:cow_spawn_egg":1,"minecraft:hay_block":8,"minecraft:sandstone_stairs":4,"minecraft:bookshelf":7,"minecraft:gold_ingot":20,"minecraft:ravager_spawn_egg":1,"minecraft:blaze_rod":3,"minecraft:mutton":13,"minecraft:panda_spawn_egg":1,"minecraft:cobblestone":9,"minecraft:sponge":1,"minecraft:leather_chestplate":1,"minecraft:clock":1,"minecraft:magma_cream":1,"minecraft:repeater":16,"minecraft:iron_door":2,"minecraft:tripwire_hook":2,"minecraft:water_bucket":2,"minecraft:cod_spawn_egg":1,"minecraft:potato":22,"minecraft:wandering_trader_spawn_egg":1,"lucky:lucky_block":12,"minecraft:gunpowder":1,"minecraft:lapis_lazuli":8,"minecraft:orange_terracotta":3,"minecraft:leather_boots":1,"minecraft:bow":1,"minecraft:oak_fence_gate":2,"minecraft:stone_pickaxe":1,"minecraft:rabbit":1,"minecraft:book":14,"minecraft:ghast_tear":1,"minecraft:milk_bucket":1,"minecraft:cooked_porkchop":5,"minecraft:pumpkin":10,"minecraft:daylight_detector":1,"minecraft:yellow_concrete":2,"minecraft:oak_pressure_plate":4,"minecraft:poisonous_potato":23,"minecraft:lava_bucket":2,"minecraft:dropper":2,"minecraft:endermite_spawn_egg":1,"minecraft:fermented_spider_eye":2,"minecraft:red_terracotta":7,"minecraft:polar_bear_spawn_egg":1,"minecraft:dispenser":6,"minecraft:diamond":16,"minecraft:slime_block":1,"minecraft:lever":4,"minecraft:emerald":10,"minecraft:oak_button":4,"minecraft:baked_potato":34,"minecraft:jack_o_lantern":16,"minecraft:hopper":7,"minecraft:ender_pearl":23},"minecraft:used":{"minecraft:redstone":1,"lucky:lucky_block":3,"minecraft:iron_trapdoor":2,"minecraft:water_bucket":1,"minecraft:baked_potato":9,"minecraft:ender_pearl":11,"lucky:lucky_sword":80,"minecraft:tnt":8,"minecraft:sponge":1,"minecraft:endermite_spawn_egg":1,"minecraft:cake":1,"minecraft:redstone_torch":5,"minecraft:firework_rocket":23,"minecraft:daylight_detector":1,"minecraft:cooked_porkchop":5,"minecraft:porkchop":1},"minecraft:broken":{"minecraft:leather_leggings":1,"minecraft:leather_boots":1},"minecraft:killed_by":{"minecraft:player":13,"minecraft:creeper":1,"minecraft:slime":1,"minecraft:skeleton":1,"minecraft:zombie":1}},"DataVersion":3578}