{"stats":{"minecraft:custom":{"minecraft:jump":92,"minecraft:open_chest":3,"minecraft:time_since_rest":904,"minecraft:damage_dealt":215,"minecraft:deaths":1,"minecraft:sprint_one_cm":2575,"minecraft:play_time":4482,"minecraft:damage_taken":329,"minecraft:time_since_death":0,"minecraft:walk_one_cm":6216,"minecraft:sneak_time":30,"minecraft:total_world_time":4482,"minecraft:fall_one_cm":1374,"minecraft:fly_one_cm":10719},"minecraft:mined":{"lucky:lucky_block":2},"minecraft:picked_up":{"minecraft:porkchop":14,"minecraft:cooked_porkchop":5},"minecraft:used":{"minecraft:cooked_porkchop":1},"minecraft:killed_by":{"minecraft:zombie":1}},"DataVersion":3578}