{"stats":{"minecraft:custom":{"minecraft:mob_kills":4,"minecraft:time_since_death":974,"minecraft:time_since_rest":1001,"minecraft:sprint_one_cm":19229,"minecraft:damage_taken":2992,"minecraft:walk_one_cm":87671,"minecraft:drop":60,"minecraft:damage_dealt":1356,"minecraft:talked_to_villager":1,"minecraft:fly_one_cm":55751,"minecraft:player_kills":2,"minecraft:open_chest":5,"minecraft:crouch_one_cm":527,"minecraft:play_time":28482,"minecraft:deaths":10,"minecraft:sneak_time":261,"minecraft:jump":359,"minecraft:walk_on_water_one_cm":120,"minecraft:total_world_time":28482,"minecraft:fall_one_cm":15056,"minecraft:horse_one_cm":139930},"minecraft:mined":{"minecraft:redstone_wire":2,"minecraft:redstone_torch":1,"minecraft:end_rod":1,"lucky:lucky_block":15,"minecraft:redstone_wall_torch":1},"minecraft:dropped":{"minecraft:oak_door":2,"minecraft:water_bucket":1,"minecraft:piston":8,"minecraft:porkchop":14,"minecraft:lever":4,"minecraft:oak_trapdoor":4,"minecraft:oak_pressure_plate":4,"minecraft:blaze_rod":3,"minecraft:tnt":6,"minecraft:bookshelf":7,"minecraft:sticky_piston":12,"minecraft:book":14,"minecraft:comparator":4,"minecraft:slime_block":1,"minecraft:light_weighted_pressure_plate":1,"minecraft:oak_fence_gate":2,"minecraft:redstone_lamp":12,"minecraft:oak_button":4,"minecraft:heavy_weighted_pressure_plate":2,"minecraft:stone_button":4,"minecraft:dispenser":4,"minecraft:orange_terracotta":3,"minecraft:dropper":2,"minecraft:repeater":16,"minecraft:hopper":6,"minecraft:iron_door":2,"minecraft:redstone_torch":12,"minecraft:stone_pressure_plate":4,"minecraft:gold_nugget":3,"minecraft:ghast_tear":1,"minecraft:bucket":3,"minecraft:tripwire_hook":2,"minecraft:armor_stand":1,"minecraft:redstone":44},"minecraft:picked_up":{"minecraft:nether_wart":1,"minecraft:leather_chestplate":1,"minecraft:magma_cream":1,"minecraft:leather_leggings":1,"minecraft:water_bucket":2,"minecraft:repeater":16,"minecraft:iron_trapdoor":2,"minecraft:iron_door":2,"minecraft:tripwire_hook":2,"minecraft:redstone_lamp":12,"minecraft:enchanted_book":8,"minecraft:heavy_weighted_pressure_plate":2,"minecraft:lapis_lazuli":8,"minecraft:oak_trapdoor":6,"minecraft:orange_concrete":6,"minecraft:orange_terracotta":3,"minecraft:leather_boots":1,"minecraft:armor_stand":1,"minecraft:sticky_piston":12,"minecraft:gold_nugget":1,"minecraft:comparator":4,"lucky:lucky_sword":1,"minecraft:bucket":2,"minecraft:light_weighted_pressure_plate":1,"minecraft:oak_fence_gate":2,"minecraft:stone_pickaxe":1,"minecraft:redstone_torch":29,"minecraft:player_head":1,"minecraft:ender_eye":6,"minecraft:piston":8,"minecraft:book":14,"minecraft:ghast_tear":1,"minecraft:milk_bucket":1,"minecraft:cooked_porkchop":5,"minecraft:oak_door":2,"minecraft:daylight_detector":1,"minecraft:oak_pressure_plate":4,"minecraft:poisonous_potato":23,"minecraft:lava_bucket":2,"minecraft:dropper":2,"minecraft:porkchop":15,"minecraft:stone_button":4,"minecraft:fermented_spider_eye":2,"minecraft:redstone":88,"minecraft:red_terracotta":7,"minecraft:prismarine_crystals":5,"minecraft:stone_pressure_plate":4,"minecraft:tnt":14,"minecraft:quartz_block":14,"minecraft:dispenser":4,"minecraft:rotten_flesh":11,"minecraft:diamond":16,"minecraft:slime_block":1,"minecraft:lever":4,"minecraft:hay_block":8,"minecraft:sandstone_stairs":3,"minecraft:bookshelf":7,"minecraft:gold_ingot":20,"minecraft:emerald":10,"minecraft:oak_button":4,"minecraft:blaze_rod":3,"minecraft:cobblestone":9,"minecraft:hopper":7,"minecraft:ender_pearl":13},"minecraft:used":{"minecraft:water_bucket":1,"minecraft:redstone":1,"minecraft:ender_pearl":1,"lucky:lucky_sword":33,"minecraft:tnt":8,"minecraft:redstone_torch":5,"minecraft:daylight_detector":1,"minecraft:iron_trapdoor":2,"minecraft:cooked_porkchop":5,"minecraft:porkchop":1},"minecraft:killed_by":{"minecraft:player":4,"minecraft:zombie":1}},"DataVersion":3578}