{"stats":{"minecraft:killed":{"minecraft:endermite":1,"minecraft:silverfish":1},"minecraft:custom":{"minecraft:time_since_rest":816,"minecraft:open_chest":4,"minecraft:crouch_one_cm":3483,"minecraft:play_time":7859,"minecraft:sprint_one_cm":12575,"minecraft:walk_one_cm":16438,"minecraft:damage_taken":815,"minecraft:deaths":3,"minecraft:sneak_time":1046,"minecraft:mob_kills":2,"minecraft:drop":1,"minecraft:jump":183,"minecraft:leave_game":1,"minecraft:damage_dealt":270,"minecraft:time_since_death":629,"minecraft:walk_on_water_one_cm":71,"minecraft:total_world_time":7859,"minecraft:climb_one_cm":2868,"minecraft:talked_to_villager":2,"minecraft:fall_one_cm":4476,"minecraft:fly_one_cm":39807,"minecraft:horse_one_cm":13356},"minecraft:mined":{"minecraft:slime_block":2,"lucky:lucky_block":3,"minecraft:tnt":1},"minecraft:dropped":{"minecraft:cookie":1},"minecraft:picked_up":{"minecraft:tnt":1,"minecraft:leather":2,"minecraft:slime_block":1,"minecraft:diamond_axe":1,"minecraft:cookie":2},"minecraft:used":{"minecraft:cookie":1,"minecraft:tnt":1,"minecraft:slime_block":1,"minecraft:diamond_axe":3},"minecraft:killed_by":{"minecraft:player":1,"minecraft:endermite":1}},"DataVersion":3578}