{"stats":{"minecraft:custom":{"minecraft:open_chest":13,"minecraft:time_since_rest":1933,"minecraft:damage_taken":6985,"minecraft:crouch_one_cm":13542,"minecraft:play_time":28820,"minecraft:walk_one_cm":97744,"minecraft:sprint_one_cm":108109,"minecraft:sneak_time":3136,"minecraft:deaths":25,"minecraft:jump":880,"minecraft:damage_dealt":2326,"minecraft:leave_game":8,"minecraft:time_since_death":1906,"minecraft:walk_on_water_one_cm":88,"minecraft:total_world_time":28820,"minecraft:climb_one_cm":2375,"minecraft:fall_one_cm":14731,"minecraft:fly_one_cm":194863,"minecraft:player_kills":2},"minecraft:mined":{"minecraft:yellow_wall_banner":2,"lucky:lucky_block":4,"minecraft:lime_stained_glass":1,"minecraft:light_blue_carpet":2,"minecraft:green_stained_glass":2},"minecraft:picked_up":{"minecraft:yellow_banner":2,"minecraft:music_disc_blocks":1,"minecraft:rotten_flesh":6,"minecraft:cooked_porkchop":1,"minecraft:jukebox":1,"minecraft:golden_leggings":1,"minecraft:beacon":1,"minecraft:light_blue_carpet":3,"minecraft:porkchop":1,"minecraft:saddle":2,"minecraft:golden_horse_armor":1,"minecraft:golden_helmet":1},"minecraft:used":{"minecraft:light_blue_carpet":3,"minecraft:yellow_banner":2,"minecraft:cooked_porkchop":1,"minecraft:golden_leggings":1,"minecraft:jukebox":1,"minecraft:golden_helmet":1},"minecraft:killed_by":{"minecraft:rabbit":1,"minecraft:zombie":1,"minecraft:warden":5,"minecraft:player":9}},"DataVersion":3578}