{"stats":{"minecraft:custom":{"minecraft:jump":477,"minecraft:open_chest":13,"minecraft:time_since_rest":1992,"minecraft:damage_dealt":1593,"minecraft:damage_taken":2731,"minecraft:leave_game":6,"minecraft:crouch_one_cm":4791,"minecraft:play_time":15432,"minecraft:sprint_one_cm":76698,"minecraft:time_since_death":1967,"minecraft:walk_one_cm":56291,"minecraft:deaths":10,"minecraft:sneak_time":783,"minecraft:climb_one_cm":2375,"minecraft:total_world_time":15432,"minecraft:fall_one_cm":10797,"minecraft:fly_one_cm":129530,"minecraft:player_kills":2,"minecraft:walk_on_water_one_cm":88},"minecraft:mined":{"minecraft:lime_stained_glass":1,"minecraft:green_stained_glass":2},"minecraft:killed_by":{"minecraft:player":3}},"DataVersion":3578}