{"stats":{"minecraft:custom":{"minecraft:jump":201,"minecraft:open_chest":4,"minecraft:time_since_rest":1867,"minecraft:damage_dealt":798,"minecraft:damage_taken":1200,"minecraft:crouch_one_cm":2868,"minecraft:leave_game":4,"minecraft:play_time":7065,"minecraft:sprint_one_cm":38315,"minecraft:time_since_death":1821,"minecraft:walk_one_cm":29170,"minecraft:deaths":4,"minecraft:sneak_time":377,"minecraft:total_world_time":7065,"minecraft:fall_one_cm":3221,"minecraft:fly_one_cm":64088},"minecraft:killed_by":{"minecraft:player":1}},"DataVersion":3578}