{"stats":{"minecraft:killed":{"minecraft:wolf":4,"minecraft:llama":1,"minecraft:slime":3},"minecraft:custom":{"minecraft:time_since_rest":181,"minecraft:sprint_one_cm":141534,"minecraft:damage_taken":9513,"minecraft:walk_one_cm":132714,"minecraft:mob_kills":8,"minecraft:damage_dealt":5010,"minecraft:play_record":1,"minecraft:fly_one_cm":259394,"minecraft:player_kills":7,"minecraft:open_chest":15,"minecraft:crouch_one_cm":18751,"minecraft:play_time":41207,"minecraft:deaths":34,"minecraft:sneak_time":4944,"minecraft:jump":1248,"minecraft:leave_game":12,"minecraft:time_since_death":153,"minecraft:walk_on_water_one_cm":88,"minecraft:total_world_time":41207,"minecraft:climb_one_cm":2375,"minecraft:fall_one_cm":17675},"minecraft:mined":{"minecraft:yellow_wall_banner":2,"minecraft:yellow_banner":1,"minecraft:tnt":2,"minecraft:light_blue_carpet":2,"minecraft:green_stained_glass":2,"lucky:lucky_block":13,"minecraft:slime_block":45,"minecraft:lime_stained_glass":1},"minecraft:picked_up":{"minecraft:golden_helmet":1,"minecraft:music_disc_blocks":1,"minecraft:iron_trapdoor":3,"minecraft:cooked_porkchop":1,"minecraft:jukebox":1,"minecraft:golden_leggings":1,"minecraft:beacon":1,"minecraft:potato":20,"minecraft:porkchop":1,"minecraft:diamond_block":1,"minecraft:heavy_weighted_pressure_plate":1,"minecraft:green_terracotta":7,"minecraft:prismarine_crystals":9,"minecraft:dragon_egg":1,"minecraft:iron_axe":1,"minecraft:yellow_banner":3,"minecraft:tnt":10,"minecraft:quartz_block":1,"minecraft:iron_shovel":1,"minecraft:rotten_flesh":6,"minecraft:slime_ball":1,"minecraft:slime_block":55,"minecraft:light_blue_carpet":3,"minecraft:sandstone_stairs":1,"minecraft:redstone_torch":2,"minecraft:yellow_terracotta":25,"minecraft:saddle":2,"minecraft:golden_horse_armor":1,"minecraft:baked_potato":16,"minecraft:quartz_stairs":5,"minecraft:obsidian":28,"minecraft:iron_sword":1},"minecraft:used":{"minecraft:light_blue_carpet":3,"minecraft:redstone_torch":2,"minecraft:yellow_banner":2,"minecraft:iron_axe":38,"minecraft:baked_potato":4,"minecraft:beacon":1,"minecraft:iron_sword":42,"minecraft:music_disc_blocks":1,"minecraft:golden_leggings":1,"minecraft:golden_helmet":1,"minecraft:dragon_egg":1,"minecraft:tnt":10,"minecraft:cooked_porkchop":1,"minecraft:jukebox":1,"minecraft:obsidian":18},"minecraft:killed_by":{"minecraft:warden":5,"minecraft:player":14,"minecraft:rabbit":1,"minecraft:zombie":1}},"DataVersion":3578}