{"stats":{"minecraft:killed":{"minecraft:endermite":1,"minecraft:spider":1,"minecraft:slime":10,"minecraft:skeleton":1,"minecraft:guardian":1,"minecraft:llama":1,"minecraft:silverfish":2,"minecraft:wolf":4,"minecraft:pig":2,"minecraft:rabbit":1,"minecraft:bat":3,"minecraft:wandering_trader":1},"minecraft:custom":{"minecraft:mob_kills":31,"minecraft:interact_with_crafting_table":3,"minecraft:leave_game":21,"minecraft:time_since_death":1882,"minecraft:climb_one_cm":11474,"minecraft:sprint_one_cm":216280,"minecraft:walk_one_cm":216866,"minecraft:drop":38,"minecraft:talked_to_villager":2,"minecraft:play_time":76208,"minecraft:deaths":59,"minecraft:sneak_time":9283,"minecraft:jump":2012,"minecraft:walk_on_water_one_cm":4236,"minecraft:enchant_item":2,"minecraft:total_world_time":76208,"minecraft:play_record":1,"minecraft:time_since_rest":1910,"minecraft:damage_taken":18023,"minecraft:damage_dealt":7901,"minecraft:player_kills":39,"minecraft:fly_one_cm":385885,"minecraft:open_chest":30,"minecraft:crouch_one_cm":31222,"minecraft:aviate_one_cm":131382,"minecraft:fall_one_cm":59030,"minecraft:horse_one_cm":71734},"minecraft:dropped":{"minecraft:piston":8,"minecraft:porkchop":3,"minecraft:lapis_lazuli":16,"minecraft:sandstone_stairs":1,"minecraft:poisonous_potato":2,"minecraft:cookie":6,"minecraft:prismarine_crystals":41,"minecraft:dispenser":2,"minecraft:rabbit":2,"minecraft:lime_carpet":3,"minecraft:wooden_sword":1,"minecraft:gold_nugget":1,"minecraft:sugar":36,"minecraft:iron_pickaxe":1,"minecraft:iron_shovel":2,"minecraft:string":6,"minecraft:redstone":2,"minecraft:green_terracotta":7,"minecraft:chicken":1,"minecraft:rotten_flesh":8,"minecraft:iron_hoe":2,"minecraft:potato":48,"minecraft:gunpowder":6,"minecraft:heavy_weighted_pressure_plate":3,"minecraft:quartz_block":40,"minecraft:quartz_stairs":20,"minecraft:diamond_boots":1,"minecraft:quartz":7,"minecraft:quartz_slab":2},"minecraft:mined":{"minecraft:yellow_wall_banner":2,"minecraft:light_blue_carpet":2,"minecraft:lime_stained_glass":1,"minecraft:light_blue_stained_glass":1,"minecraft:fire":3,"minecraft:green_stained_glass":2,"minecraft:packed_ice":2,"lucky:lucky_block":33,"minecraft:glass_pane":1,"minecraft:quartz_block":15,"minecraft:yellow_banner":1,"minecraft:lime_carpet":1,"minecraft:nether_quartz_ore":15,"minecraft:slime_block":66,"minecraft:cactus":1,"minecraft:white_carpet":1,"minecraft:tnt":2,"minecraft:wither_rose":3,"minecraft:cobweb":1},"minecraft:picked_up":{"minecraft:chicken":1,"minecraft:iron_trapdoor":4,"minecraft:prismarine_shard":4,"minecraft:wither_rose":7,"minecraft:heavy_weighted_pressure_plate":3,"minecraft:string":3,"minecraft:iron_axe":1,"lucky:lucky_potion":3,"minecraft:wooden_sword":1,"minecraft:quartz_slab":14,"minecraft:iron_shovel":3,"minecraft:oak_sign":1,"minecraft:gold_nugget":1,"minecraft:redstone_torch":2,"minecraft:iron_pickaxe":2,"minecraft:enchanted_golden_apple":1,"minecraft:quartz_stairs":20,"minecraft:piston":8,"minecraft:golden_helmet":1,"minecraft:stick":2,"minecraft:music_disc_blocks":1,"minecraft:jukebox":1,"minecraft:porkchop":5,"minecraft:cookie":6,"minecraft:redstone":1,"minecraft:prismarine_crystals":96,"minecraft:green_terracotta":7,"minecraft:tnt":11,"minecraft:yellow_banner":3,"minecraft:quartz_block":55,"minecraft:diamond_chestplate":1,"minecraft:arrow":3,"minecraft:lime_carpet":3,"minecraft:rotten_flesh":8,"minecraft:diamond_boots":2,"minecraft:hay_block":16,"minecraft:sandstone_stairs":1,"minecraft:yellow_terracotta":34,"minecraft:saddle":3,"minecraft:gold_ingot":19,"minecraft:ravager_spawn_egg":1,"minecraft:obsidian":28,"minecraft:cod":1,"minecraft:leather_chestplate":1,"minecraft:golden_leggings":1,"minecraft:beacon":1,"minecraft:potato":48,"minecraft:lapis_lazuli":55,"lucky:lucky_bow":1,"minecraft:bone":5,"minecraft:bow":1,"minecraft:iron_ingot":13,"minecraft:rabbit":2,"minecraft:iron_sword":1,"minecraft:nether_quartz_ore":26,"minecraft:cooked_porkchop":1,"minecraft:yellow_concrete":6,"minecraft:quartz":49,"minecraft:lime_concrete":4,"minecraft:poisonous_potato":2,"minecraft:diamond_block":1,"minecraft:dragon_egg":1,"minecraft:iron_hoe":2,"minecraft:dispenser":2,"minecraft:yellow_carpet":1,"minecraft:sugar":36,"minecraft:slime_ball":11,"minecraft:green_concrete":5,"minecraft:diamond":18,"minecraft:slime_block":63,"minecraft:light_blue_carpet":3,"minecraft:golden_horse_armor":1,"minecraft:emerald":11,"minecraft:baked_potato":16},"minecraft:used":{"minecraft:redstone":3,"minecraft:oak_sign":1,"minecraft:iron_sword":118,"minecraft:dragon_egg":1,"minecraft:nether_quartz_ore":15,"minecraft:diamond_helmet":1,"minecraft:obsidian":28,"minecraft:ravager_spawn_egg":1,"minecraft:quartz_slab":6,"minecraft:iron_axe":38,"minecraft:slime_block":59,"minecraft:quartz_block":14,"minecraft:bow":31,"lucky:lucky_potion":3,"minecraft:light_blue_carpet":3,"minecraft:yellow_banner":3,"minecraft:baked_potato":16,"minecraft:beacon":1,"minecraft:yellow_terracotta":34,"minecraft:tnt":11,"minecraft:yellow_concrete":6,"minecraft:cod":1,"minecraft:redstone_torch":2,"minecraft:apple":1,"minecraft:firework_rocket":12,"minecraft:iron_pickaxe":30,"minecraft:music_disc_blocks":1,"minecraft:golden_leggings":1,"minecraft:golden_helmet":1,"minecraft:porkchop":2,"minecraft:cooked_porkchop":1,"minecraft:wither_rose":6,"minecraft:bone_meal":1,"minecraft:jukebox":1,"minecraft:diamond_leggings":1},"minecraft:crafted":{"minecraft:bone_meal":39,"minecraft:diamond":9,"minecraft:diamond_helmet":1,"minecraft:diamond_leggings":1,"minecraft:diamond_boots":1},"minecraft:killed_by":{"minecraft:player":24,"minecraft:slime":1,"minecraft:warden":5,"minecraft:rabbit":1,"minecraft:zombie":3,"minecraft:wither":1},"minecraft:broken":{"minecraft:golden_helmet":1,"minecraft:golden_leggings":1}},"DataVersion":3578}