{"stats":{"minecraft:killed":{"minecraft:wolf":4,"minecraft:pig":1,"minecraft:slime":3,"minecraft:llama":1},"minecraft:custom":{"minecraft:mob_kills":10,"minecraft:play_record":1,"minecraft:leave_game":13,"minecraft:time_since_death":3616,"minecraft:climb_one_cm":2375,"minecraft:time_since_rest":3652,"minecraft:sprint_one_cm":157262,"minecraft:damage_taken":11293,"minecraft:walk_one_cm":151116,"minecraft:drop":2,"minecraft:damage_dealt":6197,"minecraft:player_kills":13,"minecraft:fly_one_cm":279845,"minecraft:open_chest":18,"minecraft:crouch_one_cm":20544,"minecraft:play_time":48001,"minecraft:deaths":40,"minecraft:sneak_time":5473,"minecraft:jump":1383,"minecraft:walk_on_water_one_cm":363,"minecraft:total_world_time":48001,"minecraft:fall_one_cm":21670,"minecraft:horse_one_cm":71734},"minecraft:dropped":{"minecraft:chicken":1,"minecraft:gold_nugget":1},"minecraft:mined":{"minecraft:yellow_wall_banner":2,"minecraft:yellow_banner":1,"minecraft:light_blue_carpet":2,"minecraft:lime_stained_glass":1,"minecraft:slime_block":45,"minecraft:light_blue_stained_glass":1,"minecraft:tnt":2,"minecraft:green_stained_glass":2,"minecraft:cobweb":1,"lucky:lucky_block":19},"minecraft:picked_up":{"minecraft:chicken":1,"minecraft:iron_trapdoor":3,"minecraft:prismarine_shard":2,"minecraft:golden_leggings":1,"minecraft:beacon":1,"minecraft:potato":48,"minecraft:wither_rose":2,"minecraft:heavy_weighted_pressure_plate":1,"minecraft:string":1,"minecraft:iron_axe":1,"minecraft:quartz_slab":2,"minecraft:iron_shovel":1,"minecraft:oak_sign":1,"minecraft:gold_nugget":1,"minecraft:redstone_torch":2,"minecraft:quartz_stairs":6,"minecraft:iron_sword":1,"minecraft:golden_helmet":1,"minecraft:music_disc_blocks":1,"minecraft:cooked_porkchop":1,"minecraft:jukebox":1,"minecraft:poisonous_potato":2,"minecraft:porkchop":3,"minecraft:redstone":1,"minecraft:diamond_block":1,"minecraft:dragon_egg":1,"minecraft:prismarine_crystals":24,"minecraft:green_terracotta":7,"minecraft:yellow_banner":3,"minecraft:tnt":11,"minecraft:quartz_block":8,"minecraft:rotten_flesh":8,"minecraft:diamond_chestplate":1,"minecraft:slime_ball":1,"minecraft:slime_block":55,"minecraft:light_blue_carpet":3,"minecraft:diamond_boots":1,"minecraft:hay_block":8,"minecraft:sandstone_stairs":1,"minecraft:yellow_terracotta":31,"minecraft:golden_horse_armor":1,"minecraft:saddle":3,"minecraft:gold_ingot":10,"minecraft:baked_potato":16,"minecraft:obsidian":28},"minecraft:used":{"minecraft:light_blue_carpet":3,"minecraft:yellow_banner":2,"minecraft:redstone":3,"minecraft:baked_potato":8,"minecraft:iron_sword":72,"minecraft:beacon":1,"minecraft:dragon_egg":1,"minecraft:tnt":11,"minecraft:obsidian":28,"minecraft:redstone_torch":2,"minecraft:iron_axe":38,"minecraft:music_disc_blocks":1,"minecraft:golden_leggings":1,"minecraft:golden_helmet":1,"minecraft:cooked_porkchop":1,"minecraft:jukebox":1},"minecraft:killed_by":{"minecraft:warden":5,"minecraft:player":16,"minecraft:rabbit":1,"minecraft:zombie":2,"minecraft:wither":1},"minecraft:broken":{"minecraft:golden_helmet":1}},"DataVersion":3578}