{"stats":{"minecraft:killed":{"minecraft:wolf":4,"minecraft:pig":1,"minecraft:endermite":1,"minecraft:spider":1,"minecraft:rabbit":1,"minecraft:bat":3,"minecraft:slime":10,"minecraft:skeleton":1,"minecraft:guardian":1,"minecraft:llama":1},"minecraft:custom":{"minecraft:mob_kills":27,"minecraft:play_record":1,"minecraft:leave_game":17,"minecraft:time_since_death":614,"minecraft:climb_one_cm":11474,"minecraft:time_since_rest":640,"minecraft:damage_taken":15743,"minecraft:walk_one_cm":191735,"minecraft:sprint_one_cm":185278,"minecraft:drop":27,"minecraft:damage_dealt":6965,"minecraft:fly_one_cm":331859,"minecraft:player_kills":34,"minecraft:open_chest":27,"minecraft:play_time":63819,"minecraft:crouch_one_cm":25243,"minecraft:sneak_time":7679,"minecraft:deaths":53,"minecraft:aviate_one_cm":42433,"minecraft:jump":1737,"minecraft:walk_on_water_one_cm":2736,"minecraft:total_world_time":63819,"minecraft:fall_one_cm":39939,"minecraft:horse_one_cm":71734},"minecraft:dropped":{"minecraft:piston":8,"minecraft:porkchop":3,"minecraft:lapis_lazuli":16,"minecraft:green_terracotta":7,"minecraft:sandstone_stairs":1,"minecraft:poisonous_potato":2,"minecraft:cookie":6,"minecraft:chicken":1,"minecraft:rotten_flesh":8,"minecraft:iron_hoe":2,"minecraft:potato":48,"minecraft:gunpowder":6,"minecraft:heavy_weighted_pressure_plate":1,"minecraft:dispenser":2,"minecraft:quartz_block":8,"minecraft:gold_nugget":1,"minecraft:sugar":16,"minecraft:iron_pickaxe":1,"minecraft:iron_shovel":2,"minecraft:string":6,"minecraft:quartz_slab":2,"minecraft:redstone":2},"minecraft:mined":{"minecraft:yellow_wall_banner":2,"minecraft:glass_pane":1,"minecraft:yellow_banner":1,"minecraft:light_blue_carpet":2,"minecraft:slime_block":59,"minecraft:lime_stained_glass":1,"minecraft:light_blue_stained_glass":1,"minecraft:cactus":1,"minecraft:fire":3,"minecraft:white_carpet":1,"minecraft:tnt":2,"minecraft:green_stained_glass":2,"minecraft:packed_ice":2,"minecraft:cobweb":1,"lucky:lucky_block":29},"minecraft:picked_up":{"minecraft:leather_chestplate":1,"minecraft:chicken":1,"minecraft:iron_trapdoor":4,"minecraft:prismarine_shard":4,"minecraft:golden_leggings":1,"minecraft:beacon":1,"minecraft:potato":48,"minecraft:wither_rose":2,"minecraft:heavy_weighted_pressure_plate":3,"minecraft:lapis_lazuli":32,"minecraft:string":3,"lucky:lucky_bow":1,"lucky:lucky_potion":3,"minecraft:iron_axe":1,"minecraft:wooden_sword":1,"minecraft:quartz_slab":4,"minecraft:iron_shovel":3,"minecraft:bone":2,"minecraft:oak_sign":1,"minecraft:bow":1,"minecraft:gold_nugget":1,"minecraft:iron_ingot":13,"minecraft:redstone_torch":2,"minecraft:iron_pickaxe":2,"minecraft:rabbit":1,"minecraft:quartz_stairs":12,"minecraft:iron_sword":1,"minecraft:piston":8,"minecraft:golden_helmet":1,"minecraft:stick":2,"minecraft:music_disc_blocks":1,"minecraft:cooked_porkchop":1,"minecraft:jukebox":1,"minecraft:yellow_concrete":6,"minecraft:lime_concrete":4,"minecraft:poisonous_potato":2,"minecraft:porkchop":3,"minecraft:cookie":6,"minecraft:redstone":1,"minecraft:diamond_block":1,"minecraft:green_terracotta":7,"minecraft:prismarine_crystals":41,"minecraft:dragon_egg":1,"minecraft:yellow_banner":3,"minecraft:tnt":11,"minecraft:quartz_block":22,"minecraft:iron_hoe":2,"minecraft:dispenser":2,"minecraft:arrow":3,"minecraft:rotten_flesh":8,"minecraft:diamond_chestplate":1,"minecraft:sugar":32,"minecraft:slime_ball":11,"minecraft:green_concrete":5,"minecraft:diamond":9,"minecraft:slime_block":56,"minecraft:light_blue_carpet":3,"minecraft:diamond_boots":1,"minecraft:hay_block":16,"minecraft:sandstone_stairs":1,"minecraft:yellow_terracotta":34,"minecraft:gold_ingot":19,"minecraft:saddle":3,"minecraft:golden_horse_armor":1,"minecraft:emerald":11,"minecraft:baked_potato":16,"minecraft:ravager_spawn_egg":1,"minecraft:obsidian":28,"minecraft:cod":1},"minecraft:used":{"minecraft:light_blue_carpet":3,"minecraft:yellow_banner":3,"minecraft:redstone":3,"minecraft:baked_potato":16,"minecraft:oak_sign":1,"minecraft:iron_sword":91,"minecraft:beacon":1,"minecraft:dragon_egg":1,"minecraft:yellow_terracotta":34,"minecraft:tnt":11,"minecraft:yellow_concrete":6,"minecraft:cod":1,"minecraft:obsidian":28,"minecraft:redstone_torch":2,"minecraft:firework_rocket":4,"minecraft:apple":1,"minecraft:slime_block":22,"minecraft:iron_axe":38,"minecraft:music_disc_blocks":1,"minecraft:golden_helmet":1,"minecraft:golden_leggings":1,"minecraft:bow":31,"minecraft:cooked_porkchop":1,"lucky:lucky_potion":3,"minecraft:jukebox":1},"minecraft:crafted":{"minecraft:diamond":9},"minecraft:killed_by":{"minecraft:warden":5,"minecraft:player":23,"minecraft:rabbit":1,"minecraft:zombie":3,"minecraft:wither":1,"minecraft:slime":1},"minecraft:broken":{"minecraft:golden_helmet":1,"minecraft:golden_leggings":1}},"DataVersion":3578}